type,id,name,username,authors,upvotes,downvotes,favorites,published,size,plays,description
frhd,1002,Whistler mt.,Jon312,"[""Jon312""]",306,44,0,2013-11-19,235503,141.4k,Whistler mt. is a Free Rider community classic track by Jon312.
frhd,1082,Monkie Park,thefunkymonkie,"[""thefunkymonkie""]",422,67,0,2013-11-19,1000404,70.7k,Monkie Park is a Free Rider community classic track by thefunkymonkie.
frhd,50067,Country Cycling,max007x,"[""max007x""]",197,68,0,2014-05-09,127617,29.3k,A nice trip through the hills. Can you beat it?
frhd,50074,Treasure Hunt prt. 1,max007x,"[""max007x""]",98,33,0,2014-05-09,35501,16.9k,"Part 1 of my treasure hunt series. These are hard tracks, can you finish them?"
frhd,50075,Treasure Hunt prt. 2,max007x,"[""max007x""]",78,29,0,2014-05-09,36394,14.5k,"Part 2 of my Treasure Hunt series. It's a hard track, can you beat it?"
frhd,50076,Treasure Hunt prt. 3,max007x,"[""max007x""]",75,35,0,2014-05-09,33767,14.3k,Part 3 of the Treasure Hunt series. This one is the hardest. Don't be sad if you can't beat it. Be proud if you can !
frhd,50088,Intrepid Journey,niclauzon,"[""niclauzon""]",225,72,0,2014-05-09,604821,28.0k,My best track.
frhd,50145,Parallel,Foundations,"[""Foundations""]",189,50,0,2014-05-10,661944,24.9k,The finished product.
frhd,50165,Caesium,cky199,"[""cky199""]",93,40,0,2014-05-10,136785,14.5k,My longst track and greatest creation. Do you have what it takes to finish?
frhd,50179,A Lil' Bit O' Country,nasrani,"[""nasrani""]",154,28,0,2014-05-10,425930,18.7k,"Sorry about the crappy trees, improvement is being made :)"
frhd,50185,Lu(s)t,deadrising2,"[""deadrising2""]",403,123,0,2014-05-11,4599893,42.4k,"The first track in the series. Mods, please allow the symbols and don't warn them as PG-13, they're not. This track is the biggest track from release date."
frhd,50285,Oblivions ft. Foundations,Hashplant,"[""Hashplant""]",345,146,0,2014-05-12,777487,32.6k,Collab Contest
frhd,50981,Graveyard Ghost,armator,"[""armator""]",323,75,0,2014-05-23,1292667,32.4k,"Let's see if this works now, haha"
frhd,51574,Legion,Stig,"[""Stig""]",295,110,0,2014-06-04,327173,30.7k,ver 1
frhd,51801,Dune Jumper,max007x,"[""max007x""]",9.3k,1.8k,0,2014-06-10,9100,36.8m,It's time for a dangerous jump !
frhd,51802,Clean Up,max007x,"[""max007x""]",9.0k,1.9k,0,2014-06-10,12026,30.0m,Never bring a bike to a war zone...
frhd,52185,Snow Capped,nasrani,"[""nasrani""]",152,54,0,2014-06-20,864586,16.7k,"My entry for leboulanger's ""Doge Winter"" Contest"
frhd,52920,The Desert Sun,max007x,"[""max007x""]",2.5k,1.2k,0,2014-07-20,43630,1.6m,Race for the best time in this heated western setting until your skin turns red.
frhd,53080,Yellow Mountain,Maple,"[""Maple""]",239,75,0,2014-07-24,527853,27.0k,fullscreen this
frhd,53294,GG: Intro,WheelieMaker,"[""WheelieMaker""]",155,46,0,2014-08-01,464110,18.0k,"GG stands from Grey Group. Grey group is a group of trackmakers originated from Black Hat Rider. GG is being brought to FRHD, which means we might start recruiting members from here also. If you would like to try out for a spot on the group, message me or comment a link of your best track."
frhd,53393,Snags,Maple,"[""Maple""]",316,64,0,2014-08-05,742810,30.9k,Didn't feel like continuing on with this track so I decided I was done.
frhd,54135,Blu,Maple,"[""Maple""]",151,70,0,2014-08-26,65483,21.6k,A track with a bit more challenge :)
frhd,54505,Yellow version,deadrising2,"[""deadrising2""]",116,75,0,2014-09-03,892697,15.9k,Fifth track of the colour version series: theme is Megaman X
frhd,55066,Power Plant,max007x,"[""max007x""]",173,110,0,2014-09-13,26377,25.3k,A race of nuclear proportions.
frhd,56381,Silent Night,max007x,"[""max007x""]",449,80,0,2014-09-29,153599,56.1k,A moonlit coast waiting for you to ride it.
frhd,57072,GENERATION,Tremulant,"[""Tremulant""]",279,84,0,2014-10-03,1008623,24.8k,"From the legendary Black Hat Rider track album ""About That Time"", created by long standing member of the community Ness. Detail/Track Concept by fr2db/canvasrider/blackhatrider oldie Tremulant/Cdawg."
frhd,60988,The Daily Grind,ShelbyLowry,"[""ShelbyLowry""]",660,70,0,2014-10-17,135564,78.3k,[Intermediate - Advanced]  A street course for your enjoyment :D
frhd,61490,N Resort,Ness,"[""Ness""]",68,37,0,2014-10-19,70473,11.3k,"the skatepark I've always wanted to create. don't focus so much on completing it, the point of a skatepark is to have fun!"
frhd,null,null,null,[null],0,0,0,2014-10-19,19989,0,
frhd,null,null,null,[null],0,0,0,2014-10-19,20550,0,
frhd,63201,Witchmist,Maple,"[""Maple""]",344,69,0,2014-10-25,431803,40.1k,Old hag territory
frhd,63259,Fall From Grace,Foundations,"[""Foundations""]",141,30,0,2014-10-26,1015556,18.4k,First track from my planned album: Endure.  Number 1 Contest on BHR - 1st place.
frhd,64729,A Colorful Ocean Adventure,ShelbyLowry,"[""ShelbyLowry""]",851,147,0,2014-10-31,130883,226.9k,A ride through the deep sea to observe aquatic life.
frhd,66854,Plasticorp 2 ft Plastic,Ness,"[""Ness""]",88,41,0,2014-11-09,92130,13.4k,"aka ""Fanplastic Nesscapades"", this is a collaboration between me and Plastic. It is a sequel to his original track Plasticorp."
frhd,66855,Plasticorp 3 ft Plastic,Ness,"[""Ness""]",116,55,0,2014-11-09,149512,16.4k,"aka ""Plasticarp"", this is a collaboration between me and Plastic. the third track in the Plasticorp series."
frhd,66857,Plasticorp 4 ft Plastic,Ness,"[""Ness""]",142,39,0,2014-11-09,174702,17.1k,"aka ""A Cosmic Drama"". this is a collaboration between me and Plastic. the fourth track in the Plasticorp series."
frhd,70993,Freezing Cold,max007x,"[""max007x""]",1.4k,168,0,2014-11-24,89969,405.6k,It's so cold that Santa has to leave his mansion soon to visit some warmer places. He might even bring some presents with him.
frhd,72076,Woodmere,Cataclysm,"[""Cataclysm""]",192,28,0,2014-11-28,1168590,16.2k,"Ride through the ancient forest of Woodmere, with complimentary ruins!"
frhd,72229,Bhaktan Mountains,Cataclysm,"[""Cataclysm""]",331,145,0,2014-11-28,309979,39.8k,I promise I'll start uploading my better tracks soon
frhd,72241,Crystal Caves,Cataclysm,"[""Cataclysm""]",179,80,0,2014-11-28,203041,25.0k,Ride through a cave spawning crystals of the walls. A pretty tough ride but a good challenge nonetheless.
frhd,72249,Challenger Deep,Cataclysm,"[""Cataclysm""]",276,42,0,2014-11-28,3060365,19.5k,"Sequel to Mariana Trench, Challenger Deep is the deepest part of the deepest trench of the deepest ocean. My biggest track to date."
frhd,72539,California Redwoods,Cataclysm,"[""Cataclysm""]",167,25,0,2014-11-29,2081728,16.6k,Ride through the majestic forest of Earth's tallest trees.
frhd,72546,African Expedition,Cataclysm,"[""Cataclysm""]",221,58,0,2014-11-29,2035005,19.8k,Ride from Egypt to Kenya
frhd,72595,far from my box,nasrani,"[""nasrani""]",165,23,0,2014-11-29,485771,15.1k,BOx CE
frhd,73140,Ghosting Collab 2012,pssst,"[""pssst""]",48,38,0,2014-12-02,84365,5.0k,CR days
frhd,73453,Snowy Slopes 10,iTzChuckNorris,"[""iTzChuckNorris""]",2.4k,249,0,2014-12-03,82714,268.4k,"This is the fixed version of the final track in my Snowy Slopes series. The other tracks are labeled with roman numerals, but it's a lot easier to just put the number. I hope there aren't any glitches."
frhd,74734,Wrath,Maple,"[""Maple""]",836,182,0,2014-12-07,723535,63.2k,Box CE for the Box Contest hosted at BHR
frhd,81378,wooden bucket,pssst,"[""pssst""]",214,135,0,2014-12-23,165574,24.2k,feat. ness and foundations special thanks to elitekitten im sorry joelbmx i got love for eli and arm shouout to my niqqa char shoutout to my young hustler eric i c u trappin over there max why doesn't east go on frhd??? :( i still got love for xwinx/chalk maple is asian if u didnt know
frhd,null,null,null,[null],0,0,0,2014-12-28,9011,0,
frhd,83750,Day at the Skatepark,alexander,"[""alexander""]",62,24,0,2015-01-01,4927,12.0k,Remix Contest 3 Practice Round
frhd,84193,Snowrider,ookami_san,"[""ookami_san""]",354,62,0,2015-01-03,529639,46.0k,"Started this a while ago for the winter campaign, lost all interest and decided to finish it today ^^' Hope you like it"
frhd,84565,Distant Planet,max007x,"[""max007x""]",335,74,0,2015-01-04,184824,39.2k,Ride on an unknown planet far far away.
frhd,null,null,null,[null],0,0,0,2015-01-08,101380,0,
frhd,null,null,null,[null],0,0,0,2015-01-08,189953,0,
frhd,88611,Ghost Stories,max007x,"[""max007x""]",100,36,0,2015-01-17,79466,16.2k,They can't be true... Can they? Remix of a track made by Mickey Mouse Inc. for the Remix Contest hosted by Pssst
frhd,88929,The Ultrapark,alexander,"[""alexander""]",48,26,0,2015-01-18,37162,11.4k,Welcome to the Ultrapark!
frhd,89910,Pyra Mid,Ness,"[""Ness""]",69,29,0,2015-01-22,30108,10.9k,a pyramid puzzle of punishing proportions
frhd,92960,Jon's Pond,brainchef,"[""brainchef""]",445,126,0,2015-01-29,800011,42.4k,ZOOM OUT AND VIEW ENTIRE TRACK! 800k character track that took about a month and a half (too many hours). Subscribe and rate +1 for more! Thanks guys and gals!
frhd,93846,Psychosis,crane,"[""crane""]",373,58,0,2015-01-30,469603,32.8k,Remix Contest Round 2 which took forever
frhd,94801,Vulcan Genesis,Maple,"[""Maple""]",526,140,0,2015-02-02,512173,44.9k,Prepare to embark. My CE for the Remix Contest 3 Round 2 :)
frhd,95105,Stacked Containers,max007x,"[""max007x""]",222,51,0,2015-02-02,80830,24.9k,"If you listen carefully, you can hear the seagulls"
frhd,95778,SEVENTH SEA,alexander,"[""alexander""]",240,86,0,2015-02-04,288630,30.3k,RC3R2
frhd,102719,Pathway I,Maple,"[""Maple""]",82,32,0,2015-02-17,32450,16.1k,"Less detail, more ride :)"
frhd,105754,Shattered Dream,max007x,"[""max007x""]",210,56,0,2015-02-22,352337,22.3k,"In a clouded dream, only two surfaces remain. One is life and one is death. The rest is all shattered. Remix Contest entry round 3, original track by Iamrider"
frhd,105961,Ithaka,alexander,"[""alexander""]",227,119,0,2015-02-23,229234,26.5k,Home of Odysseus RR3
frhd,108930,Bombongo Island NC,Stig,"[""Stig""]",247,48,0,2015-02-28,364642,21.6k,An entry for the Nature contest.
frhd,109231,Beaten Path [N C],ShelbyLowry,"[""ShelbyLowry""]",748,391,0,2015-03-01,285321,167.4k,[Nature Comp Submission]    Level:  Easy ~ Moderate  sometimes it's nice to ride off the beaten path
frhd,119830,Vchunzhuel,Maple,"[""Maple""]",155,37,0,2015-03-21,211604,20.1k,"Challenge track, ride through the lair..."
frhd,123735,Organic,EasternBiker,"[""EasternBiker""]",445,94,0,2015-03-30,374192,35.2k,An older collaboration between Gismo and I.
frhd,127165,BLACK MAGIC,Staple,"[""Staple""]",440,106,0,2015-04-07,1227138,40.6k,A never-to-be-finished-:( track by Stig & Maple
frhd,127222,Forest Medley,pinn,"[""pinn""]",235,42,0,2015-04-08,387655,26.5k,A peaceful ride through a quiet thicket.
frhd,128626,Super Mario Bros. 1 (GC),Stig,"[""Stig""]",310,81,0,2015-04-11,621098,39.2k,-PLAY IN FULLSCREEN- Welcome to the world 1 of the Super Mario Bros. FRHD! This is also an entry to the Games contest.
frhd,130935,Aurora,Ness,"[""Ness""]",213,94,0,2015-04-17,41870,28.2k,future days
frhd,134709,Vermilion Cliffs,CityShep,"[""CityShep""]",217,59,0,2015-04-26,330504,26.1k,"Hey! I used to upload to FR2.me under the alias 'Thing.' It's been probably two years since I've played FR2, and I just found out that it got reincarnated. Anyways, here's my first track in two years. I've improved as an artist, and have completely forgotten how to play, so it's kinda difficult."
frhd,136033,TERMINAL,ShelbyLowry,"[""ShelbyLowry""]",1.1k,108,0,2015-04-29,631704,120.8k,"""I am a leaf on the wind.  Watch how I soar.""  [Wash]"
frhd,138005,Dysphoria,CityShep,"[""CityShep""]",125,56,0,2015-05-02,51669,13.1k,"Finished it. Pretty proud of it, and the dog turned out well too .Also my submission for an animal contest on the FRHD forums. Don't copy my artwork."
frhd,141352,Pathway II,Maple,"[""Maple""]",172,26,0,2015-05-10,40188,21.9k,continuation just for fun
frhd,145471,Lucid Dream,max007x,"[""max007x""]",255,58,0,2015-05-19,141187,35.8k,The nightmare swirls and churns unending!
frhd,149839,T O R N G A T,CityShep,"[""CityShep""]",88,25,0,2015-05-30,119756,11.6k,Don't downvote this simply because you can't complete it; appreciate it for what it is. Made this in ~3hrs so I could buy myself some time to finish a *huge* track I've been working on for a while now. Enjoy!
frhd,153182,Jotunheim,Stig,"[""Stig""]",193,52,0,2015-06-09,487518,28.5k,"A mountain chain in Norway. It is believed to be the place where trolls and mythical creatures exist, by norse beliefs. (My entry for the Aesthetics (or Art) Contest)"
frhd,153339,Vacant,deadrising2,"[""deadrising2""]",276,50,0,2015-06-09,4376691,37.8k,"Summer of Hate 1, I'm sorry but you hurt me so much and I just want you to come back. I'm so alone right now."
frhd,153371,Shadowland,Crypt,"[""Crypt""]",1.5k,302,0,2015-06-09,4992675,105.9k,"Detail by me, wheelie by swaggabot. Just can't finish it."
frhd,154442,talk back home,nasrani,"[""nasrani""]",118,23,0,2015-06-13,262805,16.2k,funnnn
frhd,155666,blue trashcan,pssst,"[""pssst""]",127,87,0,2015-06-19,342966,26.2k,collab with mmi
frhd,155909,Kykotsmovi Mesa,CityShep,"[""CityShep""]",190,49,0,2015-06-20,374593,19.2k,"Sorry 'bout my little absence. My grandmother died and I've been missing her dearly for a while now. Anyways, Here's a thing. It's a little challenging, but I think it's the track that has finally allowed me to find my style. I did a lot of experimenting on this, and I think I'll stick with the styl"
frhd,null,null,null,[null],0,0,0,2015-06-23,31102,0,
frhd,157161,snope,nasrani,"[""nasrani""]",138,24,0,2015-06-27,288808,17.4k,no one is here
frhd,158140,Wild One Express,Ness,"[""Ness""]",220,61,0,2015-07-04,81787,49.5k,the train track
frhd,158501,Descent: Hysteria,deadrising2,"[""deadrising2""]",395,99,0,2015-07-06,4725094,61.4k,"Directly after the secondary proceedings you've escaped, into more complex. Is what's occurring really this messed up or is everything in your mind. Save the complex and maybe the complex will save you. No more time for descending into madness."
frhd,161621,Nā Pali (Wheelie Challenge),CityShep,"[""CityShep""]",76,21,0,2015-07-31,96247,13.4k,"I made this for my buddy Backtwice to make a wheelie ghost on over on BHR! You can totally ride it with MTB if you'd like, too!"
frhd,161980,Super Mario Bros. 2,Stig,"[""Stig""]",830,179,0,2015-08-02,934899,143.1k,-PLAY IN FULLSCREEN- Welcome to the new and improved world 2 of my Super Mario Bros. series!
frhd,162148,Ambition: 1 the Backyard,max007x,"[""max007x""]",221,36,0,2015-08-03,41950,38.4k,The first track of my bmx campaign. Time to try your new bike in that backyard track that you made. Try to get the fastest time!
frhd,163592,Hopes and Dreams,WheelieMaker,"[""WheelieMaker""]",115,36,0,2015-08-13,346545,16.0k,"collab with Ness, EasternBiker, and max007x."
frhd,163774,Ambition: 2 the Farm,max007x,"[""max007x""]",127,33,0,2015-08-14,55794,21.3k,After improving your skills for a while in the backyard it's time to try something a bit more difficult. A friend of you lives on a farm with a track behind it where you can race. Try to get the fastest time and improve your BMX skills!
frhd,164323,Calamity,Maple,"[""Maple""]",573,89,0,2015-08-18,1418706,80.5k,"Within the Eye of the Storm. Heaven-shaking, earth-splitting, helI-forming calamity."
frhd,166501,The Underground Factory,Polygon,"[""Polygon""]",137,21,0,2015-08-30,36329,17.8k,"I've been working on this for a few months, and I think it is high time to just upload it. It was inspired by ""Contest Entry"" By Wolfram and ""The Vapaa Factory"" by Vapaa. I did get kind of lazy with the detail, but I am not good enough at making tracks to make it much better. Hope you like it!"
frhd,166510,Chaos Geodes,Maple,"[""Maple""]",115,34,0,2015-08-31,52546,20.4k,Made this just for fun. Track remix of Omega 2078 by Ness.
frhd,167075,A Trip to the Woods,max007x,"[""max007x""]",300,59,0,2015-09-02,547595,62.6k,Don't take food from strangers...
frhd,173968,Haven ft. CityShep,mR..A,"[""mR..A""]",231,71,0,2015-09-28,783237,43.8k,"Here it is finally. CityShep is responsible for the awesome ground detail, I did track, trees and background. Enjoy!"
frhd,175378,Unconquered Isles,Volund,"[""Volund""]",195,17,0,2015-10-02,168141,23.0k,"Unfortunately haven't been able to work on this at all in a while, so I figured I'd just upload it and get it off my chest.  Welcome to the Unconquered Isles, a place that no man has explored before- or so you thought. Enjoy!"
frhd,185273,Havik,CityShep,"[""CityShep""]",69,24,0,2015-10-27,34466,12.2k,Tried some new things and I like some of it!
frhd,188202,Experiment Escape,Rey827,"[""Rey827""]",632,138,0,2015-11-01,173757,77.0k,"After 5 months of on and off work, I give you my first track! You find yourself captured in a space ship being experimented on.  Somehow gaining consciousness, you must now escape. This isn't some hold forward track.  This is more like an obstacle course."
frhd,190586,heli in trap city,pssst,"[""pssst""]",56,30,0,2015-11-06,63371,12.4k,jroles was recently stripped of his ability to make and post tracks as well as other priveledges. If you have a forum account please contact Char on the forums at http://community.freeriderhd.com/conversations/add?to=Char so this situation can be resolved. Thank you. Feat. alexander #freejroles
frhd,191253,Magnum Opus,max007x,"[""max007x""]",539,91,0,2015-11-07,1198000,65.4k,A kingdom once ruled by a mad king. He and his men all disappeared now and it's up to you to claim the throne.
frhd,193247,trap islands,pssst,"[""pssst""]",80,30,0,2015-11-11,175189,12.8k,aka floating islands aka #freejroles2 aka chopper limbo feat. alex  alex x pssst aka the wright brothers shoutout to my homies eli and maple for incoming excuses not to feature this
frhd,199850,Subharmonic (redux),alexander,"[""alexander""]",262,95,0,2015-11-24,483568,41.7k,Re-imagined.
frhd,201196,Tetris,pssst,"[""pssst""]",103,35,0,2015-11-28,23532,14.5k,Entry for the video game campaign contest Shoutout to ness for teaching me everything I know. Shoutout to stig and eli for incoming reasons not to feature this. Shoutout to my dude char for the helicopter powerup.
frhd,201832,Ambition: 3 the Hills,max007x,"[""max007x""]",154,33,0,2015-11-29,135763,22.9k,It's early in the morning and that means another nice chance to improve on your riding skills. This time you are racing your friends on a course they built in the local hills. Try to find the fastest route through this course!
frhd,205038,Char Portrait,alexander,"[""alexander""]",390,45,0,2015-12-06,32548,98.1k,Made in 1 hour for the 1 hour contest.
frhd,208444,Mews Forest 3,deadrising2,"[""deadrising2""]",285,57,0,2015-12-13,1508662,34.6k,"Free. Free the forest, help mewtwo save the day. Collab with jefe"
frhd,208501,Escape Communist Utah,StevenLeary,"[""StevenLeary""]",849,132,0,2015-12-13,484046,87.8k,"Death points the way out through the Communist Temple & through there locked caverns & fire landings. Lucky the Helicopter is there as planed. We pass Hisler, but the worst is still to come including the under water Expedition and the Rebirth into the New Land.  So, What Does FREEDOM Mean To You ?"
frhd,208947,Carvahall,Volund,"[""Volund""]",117,26,0,2015-12-14,38197,16.2k,"Inspired by Eragon's home town, Carvahall. Remix Contest 4- Practice Round"
frhd,212588,Sükter,THEend,"[""THEend""]",104,22,0,2015-12-21,124481,15.4k,"Made for the 4th Remix Contest, have some fun!"
frhd,213330,Phenomenon,Ishu,"[""Ishu""]",87,18,0,2015-12-23,168874,14.0k,shoutout to essboomer; for the nature competition. shoutout to wheeliemaker; I think I'm the most improved author. shoutout to the rest of the featured tracks moderators; please consider a feature.
frhd,213610,Olympus,alexander,"[""alexander""]",137,35,0,2015-12-23,253099,19.2k,Join pssst's Remix Contest 4! http://community.freeriderhd.com/threads/remix-contest-4-join-now.4266/
frhd,213954,InterAmnia,mR..A,"[""mR..A""]",142,22,0,2015-12-24,94293,20.3k,"Welcome to the third edition to my Space Series, work your way down the falling asteroids then through the tricky space stations to finish. Enjoy!"
frhd,214318,TESTPATTERN001 ntbf,octo,"[""octo""]",212,49,0,2015-12-26,63006,22.3k,"RC4 practice round - not finished due to lack of time and motivation merry christmas, more to come"
frhd,215398,Toronto,Ness,"[""Ness""]",124,49,0,2015-12-31,60887,14.4k,"ft. Ness, Alex, and Armator"
frhd,217107,Dark Matter,max007x,"[""max007x""]",185,36,0,2016-01-06,155254,29.7k,"Welcome my son, welcome to the machine Remix contest 4 round 1, remix of Glorious by Plastic"
frhd,217273,The Fire Thief,Volund,"[""Volund""]",111,24,0,2016-01-07,87222,15.2k,"Before the Fire Thief. During the Fire Thief. After the Fire Thief. This is the story of Prometheus, Titan of Zeus and benefactor of Humanity. RC4R1"
frhd,217687,Citadel,GMSkittles,"[""GMSkittles""]",363,42,0,2016-01-08,79776,48.3k,A track made for the first round of Remix Contest 4. Enjoy!
frhd,218006,Sunset,pinn,"[""pinn""]",209,29,0,2016-01-09,209851,30.5k,RC4 round 1 entry.
frhd,218023,Rübell,THEend,"[""THEend""]",147,33,0,2016-01-09,541083,25.7k,"Made for Pssst's Remix Contest 4, Round 1. Based on the game Child of Light, where you explore the world of Lemuria."
frhd,218030,GLORIOUS V2,alexander,"[""alexander""]",85,21,0,2016-01-09,115539,13.6k,NOOOOOO TIIIMMMEEEEEEEEE
frhd,221171,Planktopia,zwinxz,"[""zwinxz""]",119,35,0,2016-01-17,107497,17.0k,Entry for pssst's remix contest round 2. Enjoy
frhd,222275,Abyss,max007x,"[""max007x""]",175,40,0,2016-01-20,149648,28.8k,Now she walks through her sunken dream...
frhd,222413,The Mages Lair,Volund,"[""Volund""]",232,35,0,2016-01-21,174093,27.5k,"Deep beneath the Earth, you are studying the intricacies of magic when you realize you are short of a much needed ingredient. To reach it, you must make your way above ground and find the much needed ingredient in the forest. RC4R2."
frhd,222818,Alien - Exudation,deadrising2,"[""deadrising2""]",209,58,0,2016-01-21,303056,31.1k,"Escape alien friend. you are upside down, traveling through your spaceship on verge of exploding. Remix r2 Complete to unlock the second playthrough!"
frhd,223005,Empire Falls,mR..A,"[""mR..A""]",408,66,0,2016-01-22,1996254,51.7k,"My entry for round 2 of the remix contest, finally managed to upload.. enjoy and let me know what you think."
frhd,223397,Pipeline (RC4R2),CityShep,"[""CityShep""]",289,64,0,2016-01-23,462209,50.7k,"Remix Contest 4, round two! Enjoy."
frhd,223399,temple,alexander,"[""alexander""]",114,38,0,2016-01-23,318587,16.5k,remix contest r2
frhd,223859,Adventure,Pancakes345,"[""Pancakes345""]",125,39,0,2016-01-24,101904,20.9k,Finally out! Enjoy :)
frhd,226958,Ed Gein the real Leatherface,StevenLeary,"[""StevenLeary""]",382,63,0,2016-01-31,1130455,33.4k,A sick and demented ride through the morbid world of serial killer  EDWARD GEIN.  This ain't no joke.
frhd,228974,CΔNON (unfin),Stig,"[""Stig""]",295,84,0,2016-02-05,272939,35.8k,not going to continue this
frhd,229015,Martian,spruce,"[""spruce""]",176,52,0,2016-02-05,518762,25.3k,5 years ago in the year 2020 a distant planet was founded with earth-like compounds among it. A one man ship was sent up to keep track of it in case any harm had come to it. Now he has become quite lonely up in space and has become a seldom rocketman wishing to return home. Remix Round 3 Entry.
frhd,229102,Double Compound,Nitrogeneric,"[""Nitrogeneric""]",114,22,0,2016-02-05,118393,15.4k,"Some inspiration from Plasticorp 4 by Ness, and here's what I got for my entry for pssst's Remix Contest 4 Round 3. 30 minutes for ghosting this isn't a problem, even though I broke the keyboard. For the first time I actually feel proud of myself doing a map :D And also... bye pssst :("
frhd,229644,Metro,THEend,"[""THEend""]",163,21,0,2016-02-06,417969,19.3k,Welcome to the Apocalypse. Made for the Remix Contest 4.
frhd,233193,Ultra Light Beam,alexander,"[""alexander""]",100,40,0,2016-02-15,286162,16.2k,we on an ultra light beam
frhd,236426,City of Dreams,alexander,"[""alexander""]",116,30,0,2016-02-23,138276,16.3k,Very old track circa 2012. It was fun to revisit it and I decided to upload it for nostalgia's sake
frhd,236444,ENCIKLOPEDIA (read desc),KONSTRUKT,"[""KONSTRUKT""]",545,126,0,2016-02-23,605886,60.1k,"It's been a year since i first played FRHD, so i wanted to make a special track for you guys, i had no idea what kind of track i should do, so i decided to make a mix of some famous kinds of tracks that are uploaded. A special thanks for RuanF, he helped me a lot for the ""hidden"" section. Enjoy ! :)"
frhd,238722,MAN and MACHINE,mR..A,"[""mR..A""]",336,67,0,2016-02-27,1726467,41.6k,Travel freely through a 350 year time span to witness the changes and achievements of man and machine on Earth.
frhd,239062,Voyager ft. Ness,max007x,"[""max007x""]",174,34,0,2016-02-28,67120,22.2k,"Houston, we have a problem..."
frhd,239108,CO³,pssst,"[""pssst""]",245,114,0,2016-02-29,196636,39.8k,mmi and pssst..... and wm who made 1% of the track.
frhd,243349,Mangystau (ft. darksmoke11),CityShep,"[""CityShep""]",219,50,0,2016-03-09,235701,17.6k,Brush auto collab with Dark Smoke! He did the auto and I did the detail. Enjoy!
frhd,244760,Lets Explore,WyattStonhouse,"[""WyattStonhouse""]",3.0k,159,0,2016-03-11,7865831,203.1k,What are you waiting for? There is much to see. A rate and comment would be great! Have fun :)
frhd,245370,Zen Garden,Volund,"[""Volund""]",193,30,0,2016-03-13,78497,25.5k,Find your Zen among the leaves. FS T3
frhd,250542,yams,CityShep,"[""CityShep""]",67,43,0,2016-03-24,31126,6.8k,inb4 this breaks the downvote world record
frhd,254429,Universe III,Cataclysm,"[""Cataclysm""]",922,79,0,2016-04-04,1993933,72.2k,"This track is best viewed with inversed colors. On Macs, press COMMAND+SHIFT+8. On windows, press CTRL+ESC, press R, type ""magnify"" and press ENTER. Enjoy!"
frhd,258562,Years of gaming,Alehsandro,"[""Alehsandro""]",354,71,0,2016-04-14,1104127,37.9k,"Enjoy your games!  '' Gamers don't die,they respawn ''"
frhd,259634,Rotate III,Backtwice,"[""Backtwice""]",452,57,0,2016-04-16,762787,41.7k,"8 months of work. All detail by CityShep. Track by me, except for the tight cave tunnel by F1N and the outlines of the other caves by Jefe. Maddest props to CityShep for doing the detail, can't put the appreciation in words. The track is 100% possible."
frhd,263698,Last Resort,spruce,"[""spruce""]",268,33,0,2016-04-27,1342868,26.2k,"A Free Rider HD Contest Entry, Enjoy a relaxing ride through the area with no worries. Thank you for your support. :)"
frhd,264262,Valdez,CityShep,"[""CityShep""]",146,30,0,2016-04-28,53180,15.4k,Didn't feel like meeting the neatness standard that's been set so I just sketched this out as though I would on paper. Just a fun little thing I made in a little under an hour
frhd,268467,Darkest Hours,max007x,"[""max007x""]",467,52,0,2016-05-08,215611,68.6k,"Project ""Cancelled"""
frhd,271451,tullamore glen,Ishu,"[""Ishu""]",118,22,0,2016-05-14,371151,13.5k,try to have fun
frhd,273754,Omen,Maple,"[""Maple""]",797,103,0,2016-05-20,2023813,62.2k,force of nature
frhd,275122,Fish Bowl,max007x,"[""max007x""]",277,48,0,2016-05-23,328670,37.0k,Tumble down this fractured fantasy world.  A Free Rider HD Contest Entry
frhd,278291,△dventure of △ lifetime,Volund,"[""Volund""]",349,44,0,2016-05-31,799438,36.9k,"This is it. Your adventure. Plug in some music, relax and explore the forest around your cabin! This is a Free Rider HD Official Contest Entry by Volund"
frhd,278439,Piper Alpha,zwinxz,"[""zwinxz""]",231,44,0,2016-05-31,717886,22.6k,An official contest entry! This will be my last track. Have a nice life. See ya buddies!
frhd,278593,Futile,TheSouthAmericanGuy,"[""TheSouthAmericanGuy""]",238,54,0,2016-06-01,211041,18.2k,"The biggest waste of time on Free Rider HD. I should have been studying for a social test that I have tomorrow. Instead I worked my buttt off on this garbage. If you want, you can waste YOUR time, too, and try to beat this track! :) :) :)  Please kill me now. A Free Rider HD Official Contest Entry"
frhd,278621,Everything Under the Sun [OCE],mudkip,"[""mudkip""]",237,44,0,2016-06-01,1353155,16.7k,"A FRHD Contest Entry. Wow, it's satisfying to finally publish it... I just can't finish it in time, though. Anyway, enjoy it, I made sure it's not too easy ;)"
frhd,278698,Exalted,THEend,"[""THEend""]",237,40,0,2016-06-01,1340727,26.8k,"Harnessing a great wellspring, a perfect immortal cell was crafted to be imbued with all sentient life. A Free Rider HD Contest Entry. (slightly unfinished)"
frhd,279722,bolaside II,CityShep,"[""CityShep""]",254,44,0,2016-06-03,701730,17.4k,"Collab with Noob! He did all the track, I did all the detail! About a month of intense work.Yes, it's completable, and a video of the ghost will be posted here: http://community.freeriderhd.com/threads/bolaside-ii.5631/"
frhd,279801,go outside paper,fafafata,"[""fafafata""]",157,31,0,2016-06-03,684310,12.6k,make the boring wall a bit more stupider than before.
frhd,281174,iPhotograph,CityShep,"[""CityShep""]",131,26,0,2016-06-08,33618,15.4k,for m1.c3's 'SmartPhone Contest' on the forums.
frhd,281211,Vickong medley by Dekw,Vickong,"[""Vickong""]",98,23,0,2016-06-08,608890,10.0k,"This is not very hard, just a bit long. Dekw made this because he thinks these artworks are underrated. I remastered this good Master Roshi for your pleasure, hope you'll enjoy !"
frhd,281417,no good theme,fafafata,"[""fafafata""]",67,4,0,2016-06-08,728642,9.6k,maybe no character is the problem.
frhd,283232,Candle In The Wind,spruce,"[""spruce""]",172,30,0,2016-06-14,631289,18.9k,"A collab between AugustBrown, Nitrogeneric, and ei8ht. Congrats to anyone who knows who made the song in the title. Might be my last track for a while since my FRHD editor is getting very laggy atm. Enjoy :)"
frhd,283691,tri-aids-gle,CityShep,"[""CityShep""]",102,27,0,2016-06-16,29999,11.6k,for the triangle contest b*tches
frhd,283831,Subsurface Exploration Park,CityShep,"[""CityShep""]",83,24,0,2016-06-16,37726,13.4k,for the BMX park contest on the forums.
frhd,285906,Sahara,Cataclysm,"[""Cataclysm""]",581,66,0,2016-06-24,771733,42.9k,"Another old work in progress, but this one is finished! Ride across the dunes of the Saharan Desert. No one ever said it was easy. Enjoy, and make sure to tickle that like button!"
frhd,286847,Low Point,CityShep,"[""CityShep""]",269,49,0,2016-06-28,489368,26.9k,forever lost in my thoughts
frhd,288467,Robotox (Unfinished),mudkip,"[""mudkip""]",111,34,0,2016-07-05,513527,10.8k,"For nhdtop's factory contest, i'll finish it later, i didn't have enough time :P"
frhd,289644,Chilled Breeze,WyattStonhouse,"[""WyattStonhouse""]",718,48,0,2016-07-10,623613,75.5k,"Let's warm things up a little. Go join my summer contest, http://community.freeriderhd.com/threads/summer-contest.5755/, there are lots of coins to win. As always have fun, rate, and comment :)"
frhd,290053,Geddouttatheredood! [UEC],mudkip,"[""mudkip""]",67,26,0,2016-07-12,57230,10.6k,"For the Underground Escape Contest. Threw this together in like 2 hours, testing it what annoying, not gonna bother finishing the detail :I *FIXED*"
frhd,290532,Newport (ft. mR..A),alexander,"[""alexander""]",79,23,0,2016-07-14,14543,11.6k,Enjoy!
frhd,292022,Basaprei Copses,Ishu,"[""Ishu""]",183,36,0,2016-07-23,411299,15.7k,"Poetry Contest, based on Oscar Wilde's ""In the forest"""
frhd,292196,PINKMAN,vacuum,"[""vacuum""]",65,11,0,2016-07-24,11745,11.1k,"A warm-up track gone good. Speed run it please. Comment, rate, subscribe and I'll do whatever you want."
frhd,292571,The Verge,BowlOfFire,"[""BowlOfFire""]",539,30,0,2016-07-26,1450739,53.2k,A panorama of a nice meadow (plus a hidden half pipe).
frhd,293875,Dungeon,BowlOfFire,"[""BowlOfFire""]",97,25,0,2016-08-02,213727,12.9k,"See how quickly you can work your way through this dungeon of many rooms, all which contain unique challenges. If you get stuck, try traveling through one of the corridors which lead to various rooms and new problems."
frhd,294206,The Second Empire ft. Stig,mR..A,"[""mR..A""]",379,65,0,2016-08-04,222169,35.3k,"Here is the sequel to ""Empire Falls"", with lots of help from Stig. Enjoy!"
frhd,294272,lucifer,Ishu,"[""Ishu""]",80,17,0,2016-08-04,153862,10.2k,"under g.od, h.ell raises"
frhd,294428,ae_Cave01_fix,aego,"[""aego""]",118,8,0,2016-08-05,81146,14.0k,Anticheat version =)
frhd,294635,Crumble,CityShep,"[""CityShep""]",252,79,0,2016-08-06,527785,43.4k,In a world of desolation.
frhd,294683,Hellirinn,Cataclysm,"[""Cataclysm""]",284,48,0,2016-08-06,617288,40.7k,Journey into the bowels of the earth on a subterranean adventure. Originally wanted to put more detail but could not figure it out. Remember to fondle that like button!
frhd,294928,Fissure,BowlOfFire,"[""BowlOfFire""]",423,36,0,2016-08-08,198100,37.3k,Here's another cave track. Just hold up for the helicopter part. The rest you use the bike.
frhd,295924,ae_Cave02,aego,"[""aego""]",141,21,0,2016-08-12,130207,15.6k,Second
frhd,297254,Playground,pinn,"[""pinn""]",451,119,0,2016-08-18,170422,68.6k,20% chance of rain
frhd,305022,DIVINE COMEDY,StevenLeary,"[""StevenLeary""]",1.0k,97,0,2016-09-14,874525,109.0k,"The Divine Comedy (Italian: Divina Commedia [diˈviːna komˈmɛːdja]) is an epic poem by Dante Alighieri, begun c. 1308 and completed 1320."
frhd,319596,jerkk,fafafata,"[""fafafata""]",24,2,0,2016-10-14,454585,3.3k,oafopippppsss-----
frhd,320947,ae_Cave03,aego,"[""aego""]",292,55,0,2016-10-17,783288,37.3k,Extreme location
frhd,321530,The beginnings,Tocota1,"[""Tocota1""]",66,13,0,2016-10-18,441642,8.6k,"huge thank you to wave and mudkip for the detail. The his is a big track and it is hard, leave a like for mudkip and wave. Comment below and enjoy!!"
frhd,328129,Prime Realestate,mudkip,"[""mudkip""]",111,38,0,2016-10-29,159688,10.7k,"wow, I lost ALL motivation to complete this track. It was a combination of my terrible attention span, an åssload of homework, and needing to focus on extracurricular sh¡t. sorry it's so danm late, but I just can't finish it. i'm also not uploading it on ""Charlezard"" cause it's not finished :/"
frhd,328368,Москва,CityShep,"[""CityShep""]",177,37,0,2016-10-29,57660,20.3k,apartment blocks are like human filing cabinets. like and sub it up my guy
frhd,329452,EzBOLAIDS,Noob,"[""Noob""]",395,96,0,2016-11-01,686113,41.8k,"Like bolaside II by Cypress but easier. I recommend you use BMX bike. It is still hard but not impossible, so don't dislike it if you can't complete it."
frhd,331689,Chain of Memories,Vickong,"[""Vickong""]",289,49,0,2016-11-04,1194008,28.4k,"Inspired by Kingdom Hearts Chain of memories, in case you didn't notice (:"
frhd,336056,Jason and the Argonauts,Wave,"[""Wave""]",515,60,0,2016-11-10,1225316,45.5k,"6 months ago, i started this (so you can probably see my detailing has changed by now) but i got a lot of help from zwinx on this!!! so sub to him too and i'd like to thank RE2 for the theme of this track"
frhd,336773,The Temple,TeamPhantom,"[""TeamPhantom""]",186,46,0,2016-11-11,2438296,17.9k,"Breaking from the Past,  FRHD Unofficial Contest Entry"
frhd,336968,2009 Operation Ellipsis,Stig,"[""Stig""]",306,49,0,2016-11-12,507244,42.8k,"A collab with Gräggen from 2009 from the original Free Rider 2 game. Some paths are not rideable, as FRHD lacks most of the original FR2 vehicles. But this modified version is now completable by bike and helicopter. Enjoy!"
frhd,351329,Dragonslayer,Maple,"[""Maple""]",513,85,0,2016-12-05,528632,52.3k,force of nature
frhd,352718,it me,churro,"[""churro""]",145,9,0,2016-12-07,98305,29.6k,"Used PRL's contest's concept to create this. It isn't for the contest; I just thought it was an interesting thing to do, so, here. I drew the rider as m'self with all the stuff I carry anywhere; my sketchbook, my pen/cil set, and other stuff like my DS."
frhd,355642,Pathway 3,Maple,"[""Maple""]",201,33,0,2016-12-11,23347,29.4k,just for fun
frhd,364547,Practice Thingy,churro,"[""churro""]",72,10,0,2016-12-24,113364,9.1k,RC5PR - definitely didn't expect it to turn out like this.
frhd,365006,ae_Cave04,aego,"[""aego""]",165,20,0,2016-12-26,794665,24.9k,Freeplay track.
frhd,365651,fishies,Ishu,"[""Ishu""]",68,23,0,2016-12-29,86588,9.7k,force of nature... but with fishies
frhd,366224,Winter Wonderland,WyattStonhouse,"[""WyattStonhouse""]",679,71,0,2016-12-31,1002600,70.0k,"Cross the blistering Arctic in search of Santa's workshop. Huge thanks to Altaria and AngryGroudon for making this collab possible. Rate, comment, & enjoy :). A FloppyPancakes' Christmas Contest entry."
frhd,367298,Sky Temple,BowlOfFire,"[""BowlOfFire""]",97,8,0,2017-01-04,126015,9.9k,This is a helicopter level. It focuses primarily on speed rather than obstacle avoidance. Enjoy.
frhd,373486,中國崛起,Please_Delete,"[""Please_Delete""]",313,35,0,2017-01-16,1023513,28.9k,Ride through China's secret layer. Something seems to be hinting at the rise of China. Hop aboard the Mantis to find out what exactly is going on. (This is my entry for the Remix Contest 5) R1 Enjoy! :)
frhd,373500,ease,zwinxz,"[""zwinxz""]",153,23,0,2017-01-16,171010,17.8k,remix contest 5 round 1 entry.
frhd,373618,Magnus,mR..A,"[""mR..A""]",355,56,0,2017-01-17,287132,50.6k,Conquer Magnus. my entry for round 1 of the remix contest
frhd,374537,Conflagration,pinn,"[""pinn""]",418,56,0,2017-01-18,400976,51.2k,"Entry for the remix contest, 2 days late. My bad."
frhd,374740,Cilant Lîs,THEend,"[""THEend""]",221,35,0,2017-01-19,582015,29.6k,An entry to Round One of the Fifth Remix Contest.
frhd,388497,Calvin and Hobbes,spruce,"[""spruce""]",503,53,0,2017-02-11,508246,48.9k,Adventure through the many worlds of a 6 year-old boy named Calvin with his stuffed tiger Hobbes. My entry for the Remix Contest 5: Round 2.
frhd,390930,ridge,zwinxz,"[""zwinxz""]",204,29,0,2017-02-15,222581,26.8k,Zoom out! remix contest 5 round 2 entry. difficulty: medium. Enjoy the ride and leave a like or dislike.
frhd,392713,Alpha Nonane,Nitrogeneric,"[""Nitrogeneric""]",174,35,0,2017-02-18,153849,34.6k,"Entry for Remix Contest 5, Round 2"
frhd,392808,Claire's Train,pinn,"[""pinn""]",932,48,0,2017-02-18,316322,126.7k,"Entry for the second round of the remix contest. The track name is a reference to the anime, Baccano."
frhd,393461,𝓡𝓪𝔃𝒆,Please_Delete,"[""Please_Delete""]",333,40,0,2017-02-20,782618,46.5k,"The world is under fallout and all of the deadly virus' that we have ever known. Entry for the remix contest 5, round 2."
frhd,403228,Tartarus,Cataclysm,"[""Cataclysm""]",337,49,0,2017-03-09,315074,65.4k,"As far beneath Hades as Heaven above Earth, there is Tartarus. Spent a day making a track, hope it's not too sloppy. If you appreciate my effort, make sure to fondle that like button!"
frhd,405343,ae05,aego,"[""aego""]",107,16,0,2017-03-12,53115,14.3k,Short track
frhd,409462,Hibernia,pinn,"[""pinn""]",607,26,0,2017-03-20,400870,92.8k,"Round 3 entry for the remix contest. Big thanks to InTheSavce for hosting, this contest helped me advance my detail so much."
frhd,409614,Beta Nadoxolol,Nitrogeneric,"[""Nitrogeneric""]",83,19,0,2017-03-20,86535,15.1k,"Entry for Remix Contest 5, Round 3"
frhd,427752,Dragon of the Deep,TeamPhantom,"[""TeamPhantom""]",216,39,0,2017-04-22,520104,25.8k,"How dare you fight me, for I am The Great and Mighty Dragon of the Deep. Entry for WM's Box Contest."
frhd,431010,Decades (OCE),Pancakes345,"[""Pancakes345""]",171,25,0,2017-04-29,108556,27.8k,"Happy 10th birthday, FRHD :)"
frhd,438033,The City of Omashu,WyattStonhouse,"[""WyattStonhouse""]",1.3k,59,0,2017-05-12,4689134,111.5k,Omashu is the second largest city in the Earth Kingdom and the capital of one of its states.
frhd,439538,Despedida,LucJohnson,"[""LucJohnson""]",546,41,0,2017-05-16,1149366,61.3k,"The last instalment I will ever make in this game. It's been a big journey, and it all started with a friend tapping me on the shoulder and him asking me to race in 2014. I just can't fathom how much you all mean to me, and all I really have to say is... Thanks...."
frhd,445949,The Park,Pancakes345,"[""Pancakes345""]",161,27,0,2017-05-28,67937,28.0k,"Don't worry about getting an amazing ghost, just have fun :)"
frhd,447084,Edinburgh,Zgolex,"[""Zgolex""]",203,54,0,2017-05-31,1136236,38.4k,"Your expedition of Nassau takes you to the beautiful park of Edinburgh, in the north-west region of the city.  This track took long, so I appreciate likes, and subscribes. Best played FULLSCREEN. About 100-60%. Hope you enjoy. Zgolex"
frhd,449073,Mashup,churro,"[""churro""]",183,28,0,2017-06-05,303534,30.4k,[Cool Contest]
frhd,451219,Amplus,Eryp,"[""Eryp""]",128,26,0,2017-06-11,112341,19.0k,"“Hear me, Poseidon who circle the earth, dark-haired. If truly I am your son, and you acknowledge yourself as my father, grant that Odysseus, sacker of cities, son of Laertes, who makes his home in Ithaka, may never reach that home;"""
frhd,454930,PR Hwy 163,thyprith,"[""thyprith""]",112,24,0,2017-06-23,131016,11.4k,buerto bico (besigned for bmx b) (by bypress) (b)
frhd,455896,Is This Real Life?,mR..A,"[""mR..A""]",246,26,0,2017-06-27,672551,28.0k,"an abstract project by the FRHD community. big thanks to zwinxz, max, wave, xwinx, eli, alex, spruce, thesouthamericanguy, ness, ishu, dblu and wheeliemaker for all the help"
frhd,456878,Studio apt.,thyprith,"[""thyprith""]",177,33,0,2017-07-01,43503,20.4k,i wonder what they pay in rent
frhd,458626,Óarna,Zgolex,"[""Zgolex""]",230,70,0,2017-07-10,1331070,34.2k,Behold one of the greatest landmarks in Nassau. You pass huge islands of corroded quartz being kept afloat by rubidium orbs. Nassau is fast approaching. This is your last destination before meeting the city itself. Rate and subscribe! Zgolex
frhd,459714,Fantasy,DblU,"[""DblU""]",259,32,0,2017-07-17,779962,31.9k,"""Picture yourself in a boat on a river - With tangerine trees and marmalade skies - Somebody calls you, you answer quite slowly - A girl with kaleidoscope eyes - Cellophane flowers of yellow and green - Towering over your head - Look for the girl with the sun in her eyes - And she's gone""  Beatles"
frhd,461867,woodland ft. wave,xwinx,"[""xwinx""]",267,33,0,2017-07-30,2884195,35.9k,A collab between me and wave its been sitting in my wip pile for too long to not be seen by you guys.  Let me know what you think!
frhd,462701,Ataraxy,Volund,"[""Volund""]",319,51,0,2017-08-03,352753,62.0k,"Let go your earthly tether. Enter the void. Empty, and become wind."
frhd,464513,Ghosting Collab '16 - '17,thyprith,"[""thyprith""]",122,40,0,2017-08-14,421015,12.3k,"Ghosting Collab '16 - '17 from an unnamed website. Hosted by yours truly. Love y'all, have fun."
frhd,464750,Isle of Clouds,churro,"[""churro""]",236,19,0,2017-08-15,406651,22.0k,"Long overdue collab with RiderExtreme2, Darksmoke11, AngryGroudon, and Ishu."
frhd,464987,Alien: Incursion,deadrising2,"[""deadrising2""]",231,47,0,2017-08-16,600803,54.7k,"It happened again... Just when your ship is set to be clear, a fire breaks out and it turns out that something  big is going down. Do you stop it? Do you get out? Help...  Ctrl-alt-down for recursion mode"
frhd,467128,Colossus,Eryp,"[""Eryp""]",66,8,0,2017-08-27,139112,14.8k,Sequel. Perfect run is probably around 6:45
frhd,467467,PINKMAN DOS,vacuum,"[""vacuum""]",43,6,0,2017-08-29,15919,5.3k,"it's like... a tendril-y, mountain bike-y, cursing in cursive adventure. have fun"
frhd,467652,It Follows - Horror CE,Zycerak,"[""Zycerak""]",265,29,0,2017-08-29,416913,32.4k,after a month of procrastinating i managed to spit this out. it's not really what i had hoped for but i guess it turned out ok. grass looks bad. i hope it's not to hard. and the track isn't meant to be smooth so shut up. thanks to pssst for hosting the contest + a little bit of help on my clouds.
frhd,468081,Baldauf St,thyprith,"[""thyprith""]",81,32,0,2017-08-31,111370,9.8k,"we know trash, we know clean don’t last, never last when we load trash, we upload trash, face down, trash begets trash"
frhd,468338,Lambda,Eryp,"[""Eryp""]",52,11,0,2017-09-01,27265,8.6k,remix contest 6 practice round entry
frhd,469355,wonder mountain,Superboody,"[""Superboody""]",68,9,0,2017-09-05,440093,10.3k,above a rocky mountain there's a beautiful flying kingdom .. come and check it out ! this is my entry for remix contest 6 round 1
frhd,470071,CREPES (ntbf),Zycerak,"[""Zycerak""]",45,13,0,2017-09-07,240442,7.9k,"pretty old track, i didnt want it to be left out so i published it. too hard -1"
frhd,470396,Shadow Of The Colossus,StevenLeary,"[""StevenLeary""]",1.1k,68,0,2017-09-08,1346194,128.5k,"The Best Game Ever... If you've never played Shadow Of The Colossus, you MUST! This is just a little preview."
frhd,470612,adventure II,Pancakes345,"[""Pancakes345""]",89,22,0,2017-09-09,137459,14.7k,enjoy :)
frhd,472443,lemmegetuhhhh,thyprith,"[""thyprith""]",102,18,0,2017-09-15,17838,13.7k,lazy 30min bs to get me in the trackmaking mood. don't get too mad b no stressin
frhd,472740,Air Force One,DblU,"[""DblU""]",192,32,0,2017-09-16,108472,21.5k,Flying through the air...
frhd,473056,drat,churro,"[""churro""]",56,18,0,2017-09-17,114311,9.2k,rc6r1
frhd,473065,1k sbubs lol,mudkip,"[""mudkip""]",104,22,0,2017-09-17,145665,12.9k,happy 1068 subs. heres one SUPER old ntbf and also one not as old ntbf but theyre together so its kinda like one track but not really because the other one had no ride structure at all so it its really only 1 track but the detail isnt anything which makes it a not track becuase it looks bad. thanks.
frhd,475868,horror medley,mtt2,"[""mtt2""]",499,32,0,2017-09-26,387288,96.3k,had some fun making this (ft thyprith)
frhd,477354,Machinery Compound,JerryAxi,"[""JerryAxi""]",159,26,0,2017-09-30,37536,20.5k,force of engineering. RC6R2
frhd,477530,Subterrarean,Seasnails,"[""Seasnails""]",85,45,0,2017-10-01,272689,10.3k,"Here's something I've been working on for a while, it's very challenging, so if you don't like that kind of thing, just appreciate the artwork. Have fun!"
frhd,477593,Cold Morning,Please_Delete,"[""Please_Delete""]",152,14,0,2017-10-01,320512,26.1k,RC6 R2 Entry; Go for a joy ride on this beautiful morning!
frhd,482248,guangdongshengguangzhoushi,CityShep,"[""CityShep""]",132,51,0,2017-10-14,54117,24.5k,package has left the carrier facility (guangzhou)
frhd,482322,heck.,churro,"[""churro""]",73,15,0,2017-10-15,133158,12.7k,rc6r3.
frhd,485064,yikes,churro,"[""churro""]",102,22,0,2017-10-23,136964,13.1k,look at those tree trumkss mmgphff
frhd,486253,Terrified,mtt2,"[""mtt2""]",218,40,0,2017-10-25,13233,25.8k,auto collab with wheeliemaker; I might detail it if enough people like this
frhd,487028,Piper Beta,zwinxz,"[""zwinxz""]",164,29,0,2017-10-27,720023,16.8k,my oce piper alpha with a better /easier ride
frhd,491872,chaos,thyprith,"[""thyprith""]",36,15,0,2017-11-08,23617,7.4k,you can't get rid of me i ain't goin nowhere
frhd,492949,Bathroom Sink,Zycerak,"[""Zycerak""]",68,18,0,2017-11-10,88862,12.7k,rewind
frhd,493496,Downtown,TallTexan,"[""TallTexan""]",227,75,0,2017-11-11,471203,45.6k,A small race through town. TallTexan.
frhd,507625,Ayahuasca - NTBF,Zycerak,"[""Zycerak""]",57,15,0,2017-12-11,52878,10.5k,last edit - october 3
frhd,511105,bogusflow,Zycerak,"[""Zycerak""]",43,7,0,2017-12-17,27773,8.5k,sorry for lack of detail im gonna work on my big track now. hold up bmx for easy way and hold up mtb for trial thing. hold down bmx for fun
frhd,512321,Taeda,BowlOfFire,"[""BowlOfFire""]",745,43,0,2017-12-19,810706,63.3k,It's a long one. Enjoy
frhd,514502,Terrain Park #WC2017,gun,"[""gun""]",585,27,0,2017-12-26,403260,63.5k,#WinterContest2017 .My contest entry for the FRHD official winter contest. I worked hard on this I hope you enjoy. YT: bit.ly/2lunYCE :)
frhd,515503,Highland,BowlOfFire,"[""BowlOfFire""]",148,18,0,2017-12-31,275593,12.3k,Ride through the highland hills and the caverns beneath
frhd,515851,Nassau,Zgolex,"[""Zgolex""]",262,31,0,2018-01-02,766887,42.8k,"""The Unfinished Forest"". Destined to be a incredible, dense thicket of exotic trees and plants, Nassau was incomplete by the  unknown being creating it. This is your final journey until the end. Make it last! *Purposely unfinished track. Subscribe, rate, and enjoy! Zgolex"
frhd,516720,Forest Temple,BowlOfFire,"[""BowlOfFire""]",90,21,0,2018-01-05,55678,12.6k,This is an interesting helicopter level. If you like it check out my other track Sky Temple for a similar experience.
frhd,517429,Costa Concordia ft. Eli,WyattStonhouse,"[""WyattStonhouse""]",398,39,0,2018-01-08,1005975,46.4k,"Left behind to be taken over by nature. Big thanks to Eli for making this track possible! Enjoy the track, and a rate/comment would be appreciated. If you are having troubles playing, the stars have been numbered in the order they should be collected."
frhd,520727,Water Temple,BowlOfFire,"[""BowlOfFire""]",118,6,0,2018-01-17,450663,13.4k,"It's another helicopter track but I have tried to push the game play even further than I did in my Forest Temple track. There is no one way to finish it, just travel around the corridors as fast as you can to collect all the stars."
frhd,521583,I have something to Confess..,ShadowEagle,"[""ShadowEagle""]",2,0,0,2018-01-19,3519,851,"I need to say something, zoom out."
frhd,525556,Hysteria,BowlOfFire,"[""BowlOfFire""]",365,38,0,2018-01-30,196972,35.6k,I'm not really sure how to describe this one
frhd,530004,Midnight Parkour,TallTexan,"[""TallTexan""]",675,82,0,2018-02-09,2079040,85.9k,Parkour on a bike is meant to be hard so consider this a trials track. Thanks to everyone who has subed and liked my tracks y'all are a great encouragement to me and the only reason I made  this track. {this is also my entry to QuinnFederle's nighttime contest} Y'all be safe and have fun XD
frhd,531389,A Diamond In the Rough,Netsik,"[""Netsik""]",108,22,0,2018-02-13,517715,12.1k,"Finally, It is finished! My largest project on this game yet, is now done! I present what is (in my humble opinion) my best work yet! Really hope you enjoy, Peace! +1 (entry for some detail contest)"
frhd,533555,New Gothic,BowlOfFire,"[""BowlOfFire""]",375,22,0,2018-02-19,192575,44.6k,Here is a slightly challenging yet still smooth track when run skillfully. Ride in full screen for the best experience.
frhd,534088,VACILLATE 01,vacuum,"[""vacuum""]",129,33,0,2018-02-21,221872,16.8k,"february 18 demo of VACILLATE, track I've been working on for literally over two years. Thanks to everyone in the WIP thread and mudkip for the personal feedback on it so far. Do me a solid and comment your favorite & least favorite part! also i'll be able to streamline the heli w/ teleporters :)"
frhd,538337,Great Worm,BowlOfFire,"[""BowlOfFire""]",141,21,0,2018-03-02,125999,17.4k,"The entire track is the body of a dragon. Check out the head. Also, it's basically a hold up auto."
frhd,538346,Vanish ntbf,WyattStonhouse,"[""WyattStonhouse""]",2.2k,79,0,2018-03-02,3128063,172.7k,I thought I would be able to finish this track but I don't believe I will be able to. Hope you enjoy this even with it being not completed. I started making this summer of 2015.
frhd,542082,Fissures,BowlOfFire,"[""BowlOfFire""]",299,27,0,2018-03-12,272839,23.0k,A sort of sequel to Fissure.
frhd,544020,Vivre,Zycerak,"[""Zycerak""]",194,24,0,2018-03-17,138960,22.2k,That sometime is now.
frhd,548646,Norwegian Wood,Netsik,"[""Netsik""]",188,34,0,2018-03-31,747275,22.0k,"And when I awoke I was alone, This bird had flown. So I lit a fire, isn't it good, Norwegian wood?"
frhd,549379,eXor,Zgolex,"[""Zgolex""]",281,23,0,2018-04-03,1078922,35.1k,"You try to recreate your past experiences with Nassau with highly advanced mechanics and electronics planted around, to make a simulation. However it isn't what you'd expect it to be..  Thanks for playing, its my last one for a lil while. Enjoy. Zgolex"
frhd,551385,Raven's Ridge,BowlOfFire,"[""BowlOfFire""]",585,30,0,2018-04-09,1452553,70.6k,"I've been wanting to do another nature track for a while now. So, here you go."
frhd,556324,Vainishing,DblUAndMikeWi,"[""DblUAndMikeWi""]",163,23,0,2018-04-23,2412562,28.4k,Finished. Can you find the easteregg?
frhd,560577,Passe,deadrising2,"[""deadrising2""]",155,28,0,2018-05-05,395068,27.6k,"They've taken from your land, they've taken your people and now you're taking back what's yours but they're not gonna stand ground. Will you care? No, because you're Scottish."
frhd,561607,Circuit Race,BowlOfFire,"[""BowlOfFire""]",129,17,0,2018-05-08,25907,14.8k,This track is designed for racing. You’ve got seven laps to the finish. We’ll see how fast you can take the turns.
frhd,562369,Echinata,BowlOfFire,"[""BowlOfFire""]",200,11,0,2018-05-10,37090,22.0k,It's sort of like a mini Taeda.
frhd,563620,Coyote,Zycerak,"[""Zycerak""]",116,17,0,2018-05-13,73177,13.8k,no one is lost
frhd,565274,Antimatter,BowlOfFire,"[""BowlOfFire""]",133,17,0,2018-05-17,36629,16.2k,Just playing around with the teleport power up.
frhd,568695,Elevation,BowlOfFire,"[""BowlOfFire""]",283,26,0,2018-05-29,411113,32.3k,Each level gets a bit harder than the last; see how fast you can complete them.
frhd,569340,Autumnal,Netsik,"[""Netsik""]",125,25,0,2018-06-01,572938,20.9k,"Ride through New England forests and cape towns at the first dusting of snow. Thanks to Elibloodthirst for some advice and help on forums, so enjoy a late autumn bike ride!"
frhd,573410,Quicksilver,Eryp,"[""Eryp""]",58,14,0,2018-06-22,61169,9.6k,Official contest entry [june 22 2018]
frhd,573621,tranquility,zwinxz,"[""zwinxz""]",151,29,0,2018-06-24,99882,31.4k,Official contest entry. enjoy the track
frhd,573798,Flume,BowlOfFire,"[""BowlOfFire""]",175,15,0,2018-06-25,99984,17.2k,Official Contest Entry
frhd,573939,escape!,alexander,"[""alexander""]",177,48,0,2018-06-26,99137,47.2k,official contest entry
frhd,574596,froco (ft. mudkip),Zycerak,"[""Zycerak""]",55,23,0,2018-07-02,60935,9.3k,too lazy to detail my own tracks B-) thanks to mukdp and happy canada day
frhd,575383,Bisram,Cynic,"[""Cynic""]",144,12,0,2018-07-10,853859,11.5k,"Picture Box Contest 2018 Entry. Took way too much time and patience, but however, was worth it. Mad props to Eli bb and Maple for guiding me through. Hope y'all like it."
frhd,575594,The Battle of Little Bighorn,StevenLeary,"[""StevenLeary""]",365,21,0,2018-07-12,953424,33.6k,Custers Last Stand or The Battle of Little Bighorn? A True Story.
frhd,576498,Waterworld,JerryAxi,"[""JerryAxi""]",249,28,0,2018-07-22,180355,39.5k,sunken beneath the waves
frhd,577293,Crystal Version,deadrising2,"[""deadrising2""]",182,36,0,2018-07-30,2230178,37.7k,"Track 7 in the Colour Series. As an expansion on the previous entry, this is castlevania symphony of the night and you must explore this part of the castle to stop Dracula!"
frhd,579847,A concrete decision,MyrraWolf,"[""MyrraWolf""]",32,8,0,2018-08-23,20435,5.1k,"Hey look guys, i'm @nefarious @ (sorry i'm not active bc i'm of schoolwork)"
frhd,584921,thing,KKZTEX12,"[""KKZTEX12""]",3,0,0,2018-09-22,3793,360,go down. star wen ur done
frhd,587737,Planet Free Rider,BowlOfFire,"[""BowlOfFire""]",1.4k,66,0,2018-10-06,5305643,124.1k,Please enjoy this monstrosity of a track. All of the Heli parts are hold up. There is an “easter egg” of sorts. First three players to discover it and message me on the forum with the correct password will receive a shoutout on my next track. Any thumbs up and subs will be greatly appreciated.
frhd,590812,╪ Fear ╫,deadrising2,"[""deadrising2""]",177,28,0,2018-10-21,607745,36.7k,"Halloween Contest Entry 2018 - Everyone has something to fear, everyone is afraid sometimes. Some things get to you better than others and honestly? I fear so much, What do you Fear?"
frhd,590908,Vulcan,Maple,"[""Maple""]",272,26,0,2018-10-22,783203,35.5k,VG part 2 unfinished
frhd,590982,Halloween 2018,zwinxz,"[""zwinxz""]",112,6,0,2018-10-22,258969,16.4k,"Halloween Contest Entry 2018, i don't have a cool background story for this track. just play it, follow the arrows, collect the stars and have fun"
frhd,591022,The VVitch,Netsik,"[""Netsik""]",109,11,0,2018-10-22,294938,12.3k,"Evil takes on many forms, and there may be an evil lurking in this New England forest. A Halloween Contest entry by Netsik"
frhd,591098,Burial Chambers,Maple,"[""Maple""]",460,33,0,2018-10-23,2115957,57.8k,Early happy Halloween track
frhd,592466,Ocean: Descent,Netsik,"[""Netsik""]",125,16,0,2018-10-28,204506,19.3k,"Top secret, high tech equipment has been lost under the sea. Your company is nearly bankrupt, and you are their last hope. Descend deep under the Atlantic to save the lab. Enjoy!"
frhd,602609,Ocean: Isles ft. Nefarious,Netsik,"[""Netsik""]",168,26,0,2018-12-05,966545,26.0k,"Travel across islands and deep under the sea on a great adventure, but it won't be easy! This is the finished, possible version of Ocean II, half a year in the making! Huge thanks to nefarious for helping me out with this huge track, it's a shame you're leaving."
frhd,606824,Rotate IV ntbf,Backtwice,"[""Backtwice""]",161,30,0,2018-12-20,531338,15.3k,sorry unfinished i finished this b tomtom didn't // collab with cityshep/thyprith
frhd,608078,Winterfreuden,zwinxz,"[""zwinxz""]",320,22,0,2018-12-30,1542509,41.5k,Entry for 'Holiday In The Big City Contest 2018'
frhd,608323,Wintertide,Seasnails,"[""Seasnails""]",173,14,0,2019-01-01,937383,16.7k,"When everyone's away, you will play."
frhd,611918,Super Mario Bros. FRHD,Stig,"[""Stig""]",1.4k,410,0,2019-01-19,3465783,203.0k,"Welcome to the complete world of Super Mario HD. This took 3,5 years to make, and I hope you enjoy this as much as I enjoyed making it. A special thanks to Max007x, Alexander, Maple and Ness for their contributions."
frhd,613012,GorillaChips,StevenLeary,"[""StevenLeary""]",341,37,0,2019-01-24,879723,51.1k,"Rip it up, tear it up, throw it away, I don't care.  Just have fun with it."
frhd,618506,Lonely Dell,Netsik,"[""Netsik""]",120,12,0,2019-02-14,465852,12.4k,A desolate little town. Enjoy the ride.
frhd,621006,Mea Culpa (track for weem!),Zycerak,"[""Zycerak""]",99,5,0,2019-02-24,61873,13.3k,"i would like to dedicate this track to my friend weem! (wheeliemaker). i said some bad stuff about his track that i shouldn't have, and so i am sorry... i am sorry that i upset you, weem... :( i hope you accept my apology"
frhd,625918,Fuel Up,ShelbyLowry,"[""ShelbyLowry""]",99,14,0,2019-03-12,333124,13.4k,An open world themed track I made over a year ago.
frhd,629376,Sample 33,ShelbyLowry,"[""ShelbyLowry""]",134,17,0,2019-03-25,605639,28.5k,A rough ride to collect samples for research.
frhd,636837,Raspberry Jam,Figured,"[""Figured""]",235,21,0,2019-04-24,1473144,28.7k,"A long solo act Hidden easter egg btw, winner gets a spot on my friends list :) Have Fun! Happy Easter!"
frhd,641387,Gavin's Soup,Zycerak,"[""Zycerak""]",88,17,0,2019-05-11,133815,11.4k,Hottie
frhd,646153,The Ellie Badge ft. Doodlenut,Figured,"[""Figured""]",179,20,0,2019-05-31,882106,20.9k,"Enjoy this peaceful ride through Disney Pixar's ""Up"" I had a lot of fun making this with Doodlenut Who is leaving but will make a return in August, it was a great opportunity to make a track with such an amazing author, don't forget the bonus at the end it captures the whole meaning of the track!"
frhd,647827,Desperation,deadrising2,"[""deadrising2""]",163,49,0,2019-06-09,4663721,18.4k,Some things you need the extra push to get over. Part 1?
frhd,648375,Negative Space,mR..A,"[""mR..A""]",180,21,0,2019-06-12,276973,19.7k,"they have arrived, will you stay and defend your planet or evacuate like all the others"
frhd,650678,Obliterate,Coated_Badger,"[""Coated_Badger""]",56,11,0,2019-06-27,142015,6.0k,"been working on this for the last 3 weeks. i numbered the stars for your benefit though it is kind of straight forward. this is easily the biggest track I've made, or at least the track I've put the most effort into. so drop a like, what's the worst that could happen? there's a few finicky parts."
frhd,653562,Circle of life,Figured,"[""Figured""]",89,14,0,2019-07-27,159543,11.6k,- Elton John
frhd,654028,Kano Mining Company ft. max,zwinxz,"[""zwinxz""]",131,11,0,2019-08-01,219584,16.0k,"The foreman acquired the grounds, then full of raw material, about a decade back. After carefully squeezing out every bit of it, the site is nearly abandoned these days. made by Zwinxz and Max007x"
frhd,655315,Atlantean Ruins ft. Doodlenut,Holystone,"[""Holystone""]",115,18,0,2019-08-14,433578,15.4k,"i know what you guys are thinking, ""didn't u already upload this?"" Yes i did, but i asked max to delete it and he did because i wanted to improve the detail. GO SUB TO DOODLENUT!"
frhd,655818,Mesozoic,Doodlenut,"[""Doodlenut""]",181,7,0,2019-08-19,579992,25.0k,Ride through prehistoric wilderness and escape the dinosaurs with your life! Enjoy my last big track :)
frhd,655951,Lascaux,rationalities,"[""rationalities""]",122,15,0,2019-08-21,405150,22.3k,"Lascaux Cave is a Palaeolithic cave situated in southwestern France, near the village of Montignac in the Dordogne region. Enjoy a mildly difficult ride through these tight caverns, and find your way out through the dense forests! This will be my last track for a while. See you guys later!"
frhd,656981,Capture The Flag,Holystone,"[""Holystone""]",34,14,0,2019-08-30,59673,5.4k,don't get caught!
frhd,657481,Mammoth,mR..A,"[""mR..A""]",129,21,0,2019-09-04,84579,28.3k,future themepark
frhd,659234,Marshlands Retreat ft. Max007x,zwinxz,"[""zwinxz""]",251,20,0,2019-09-15,515060,40.0k,Remote settlement in a serene lake. What could possibly go wrong? Made by Zwinxz and Max007x
frhd,660509,Un Nouveau Soleil,rationalities,"[""rationalities""]",123,15,0,2019-09-22,269923,22.6k,"Not much to say here besides thank you to a lot of people. Thanks to zwinxz for giving me tips and pointers on detailing. Thanks to these people for inspiring me - Figured, mR..A, Max007x, Zgolex, zwinxz and many many more."
frhd,660609,Redbone,Holystone,"[""Holystone""]",50,7,0,2019-09-23,80100,7.5k,"but stay woke, n!ggas creepin', they gon' find you, gon' catch you sleepin'"
frhd,660985,The Tower Remix,Coated_Badger,"[""Coated_Badger""]",58,8,0,2019-09-25,51293,13.1k,So since the first 2 remakes of my old tracks went so well i decided to remake one of my biggest trials. it's not too hard so most people should be able to beat it. once i hit 200 subs I'll take a break to work on a 200 sub special for a couple months. or I'll do collabs. whichever i feel like.
frhd,662656,theoretical construction,pssst,"[""pssst""]",97,20,0,2019-10-04,184818,10.4k,"featuring coated_badger and foundations. usernames were too long to put in title, but a huge thanks to both of them because I think this track turned out spectacular. shoutout eli. big things still to come."
frhd,667230,Uninhabited ft. Eryp,rationalities,"[""rationalities""]",165,26,0,2019-10-29,605823,40.6k,"Something sinister has risen in this village on a neighboring island of Ellinia. It's quiet, but it would probably be best to leave now."
frhd,668992,Hello Explorer :),DunderMifflin,"[""DunderMifflin""]",113,6,0,2019-11-06,267939,12.9k,What's that?! Three tracks in one?? MADNESS! I do hope everyone enjoys this track!
frhd,670679,Chateau Metro - RC8PR,Zycerak,"[""Zycerak""]",124,11,0,2019-11-13,109536,13.5k,shoutout to pssst
frhd,671663,bappy,churro,"[""churro""]",54,4,0,2019-11-16,79504,7.8k,rc8pr
frhd,673203,Hungarian Horntail,Doodlenut,"[""Doodlenut""]",149,8,0,2019-11-22,341082,16.3k,"Explore a labyrinthine cave system and escape with the egg of a dragon Hagrid describes as “a right nasty piece of work.” Or choose to seek out the Hall of Mirrors, a spacious cavern contained in an underwater air pocket that doubles as a half-pipe. But most of all, don’t forget to have fun!"
frhd,674933,Temple of Time,Volund,"[""Volund""]",201,8,0,2019-11-30,295075,22.9k,What once was. RC8R1
frhd,674948,Maelstrom,Eryp,"[""Eryp""]",128,20,0,2019-11-30,259424,19.8k,Ascend the pantheon. RC8R1 entry.
frhd,674996,Pigs on the Wing,Netsik,"[""Netsik""]",108,10,0,2019-11-30,312572,14.4k,"Occasionally glancing up through the rain / and wondering which of the buggers to blame / and watching for pigs on the wing. entry for round one of the remix contest 8 hosted by pssst. Thanks to spruce for the original track, 'Garden Gypsies (Reprise)'"
frhd,675001,Mutation,WheelieMaker,"[""WheelieMaker""]",142,14,0,2019-11-30,505728,16.2k,RC8R1 entry.
frhd,675052,alex garden,alexander,"[""alexander""]",112,11,0,2019-12-01,346327,13.9k,pssst's remix contest 8 round 1
frhd,675056,Flooded,Coated_Badger,"[""Coated_Badger""]",65,5,0,2019-12-01,151311,7.2k,Remix Contest 8 Round 1. thanks to spruce for the original track and pssst for hosting.
frhd,675071,Outcropping Outpost [RC8R1],RedOrBlue,"[""RedOrBlue""]",73,5,0,2019-12-01,56092,8.9k,You stumble upon what used to be retreat bunkers of civilians during famine times. Inspired by a lot of trackmakers
frhd,675131,taure,zwinxz,"[""zwinxz""]",181,14,0,2019-12-01,416278,28.6k,rc8r1.
frhd,675192,Dept. of Despair,Zycerak,"[""Zycerak""]",106,14,0,2019-12-02,459668,13.8k,"RC8R1 - rocks n trees dedicated to max, crazy eli dedicated to eli, and the rest of the track dedicated to sinners"
frhd,675205,down under,churro,"[""churro""]",75,6,0,2019-12-02,339505,8.0k,di di di duh doo. di di di di di duh doo rc8r1
frhd,675208,Rise of an Empire,mR..A,"[""mR..A""]",106,11,0,2019-12-02,288244,17.7k,"when an empire falls, a new one will rise in its place. RC8R1 entry"
frhd,675209,Bodman Bay NTBF,Phase,"[""Phase""]",56,9,0,2019-12-02,1047628,6.9k,i lost 500kb worth of work :(
frhd,676042,Terra Incognita by Vapaa,BHRtracks,"[""BHRtracks""]",82,15,0,2019-12-05,220885,17.4k,Track #148
frhd,676059,An American Drama by Vapaa,BHRtracks,"[""BHRtracks""]",69,5,0,2019-12-05,151663,13.5k,"Track #2728: ""Theme Contest Round 1, Theme was ""Apocalyptic"" - September 11, 2013 - credits to greg haxzerz and my mum"""
frhd,676064,Bioscopia by Vapaa,BHRtracks,"[""BHRtracks""]",18,5,0,2019-12-05,126683,6.7k,Track #132
frhd,676066,Diamond in the rough by Vapaa,BHRtracks,"[""BHRtracks""]",11,0,0,2019-12-05,41733,6.0k,Track #135
frhd,676121,A Sovjet Dramar by Vapaa,BHRtracks,"[""BHRtracks""]",9,0,0,2019-12-05,157705,4.0k,Track #130
frhd,676198,Splinter by east,BHRtracks,"[""BHRtracks""]",103,11,0,2019-12-05,1493788,16.2k,Track #7192
frhd,676200,Supreme Delight unf by Vapaa,BHRtracks,"[""BHRtracks""]",31,2,0,2019-12-05,504752,7.6k,Track #146
frhd,676204,The B3Vapaa Factory,BHRtracks,"[""BHRtracks""]",11,0,0,2019-12-05,109230,3.8k,"Track #2574 by Vapaa and Joel: ""Third big factory, also something I forgot to upload on BHR"""
frhd,676206,Grid City 2 by Joel,BHRtracks,"[""BHRtracks""]",10,0,0,2019-12-05,178114,4.1k,"Track #1074: ""(see topic)"""
frhd,676208,The Termite Nest by fried,BHRtracks,"[""BHRtracks""]",35,7,0,2019-12-05,230601,10.7k,"Track #2683: ""The infamous impossible track."""
frhd,676221,Dried up Dock by nasrani,BHRtracks,"[""BHRtracks""]",46,6,0,2019-12-05,1056452,11.8k,"Track #4554: ""Kind of rushed the end, but I am getting sick of this track. Focused mainly on Foreground, and trees."""
frhd,676231,Archive XVIII by Dirt Monkie,BHRtracks,"[""BHRtracks""]",75,2,0,2019-12-05,1038527,12.7k,Track #12485
frhd,676258,Ruins of Arutad by Vapaa,BHRtracks,"[""BHRtracks""]",8,0,0,2019-12-05,109505,3.8k,rc1r3
frhd,676293,Unsplored by alexander,BHRtracks,"[""BHRtracks""]",5,0,0,2019-12-06,87949,3.7k,rc2r1
frhd,676297,Skyworld by alexander,BHRtracks,"[""BHRtracks""]",6,0,0,2019-12-06,173620,3.7k,rc2r2
frhd,676621,BHR GHOSTING COLLAB 2K15,BHRtracks,"[""BHRtracks""]",29,4,0,2019-12-07,229617,7.2k,"Track #8988 by Alex: ""It's finally here... so enjoy! Thanks pssst for hosting, and to all who contributed! ALSO, CHECK THE FORUMS FOR THE SPECIAL CONTEST!"""
frhd,676624,Porosity by 010David010,BHRtracks,"[""BHRtracks""]",6,0,0,2019-12-07,64018,3.9k,Track #5159
frhd,676630,rapunzel,pssst,"[""pssst""]",149,10,0,2019-12-07,760690,19.4k,"Join the Remix Contest 8 here:https://community.freeriderhd.com/threads/remix-contest-8-round-2-has-started.11133/ experimental-ish track, made it for fun. round 2 ends Dec 15th. shoutout Coated_Badger & Uyllds"
frhd,676785,Overgrown,Mr.Lemon,"[""Mr.Lemon""]",277,15,0,2019-12-08,745145,24.0k,Nature didn't seem to mind when a bunch of mind-numb apes blew themselves up in a global nuclear fallout.
frhd,677761,satan escape unfin,alexander,"[""alexander""]",58,7,0,2019-12-12,47960,9.1k,remix r2 of figured
frhd,678441,Poseidon's Kingdom,Holystone,"[""Holystone""]",51,4,0,2019-12-15,106334,6.4k,RC8R2
frhd,678499,Eldritch Truth,max007x,"[""max007x""]",185,14,0,2019-12-15,162177,25.1k,"If you stare into the abyss, the abyss will stare back"
frhd,678500,Radical Edward,mtt2,"[""mtt2""]",93,4,0,2019-12-15,209509,10.5k,"rc8r2, enjoy"
frhd,678555,Brokedown Palace,Netsik,"[""Netsik""]",69,9,0,2019-12-16,143473,8.3k,for round 2 of the remix contest. slightly unfinished in a few places
frhd,678574,Shambles (fixed),xwinx,"[""xwinx""]",101,12,0,2019-12-16,560186,11.5k,RC8R2 Aliens are harvesting cities. Have fun riding through the madness.
frhd,678578,late night thoughts,churro,"[""churro""]",67,8,0,2019-12-16,195562,7.0k,"listened to music n doodled some concepts from the past months, nothin special this round"
frhd,679497,The Finale..................,Figured,"[""Figured""]",116,13,0,2019-12-19,1418900,12.5k,"Take 2. I would love to thank Rationalities and Coated_badger for helping me on my last track. Go sub to them as well as Pie42, he helped me out with the code with the stars and all that. I might return in a year or two but no one needs to care about that. No autogen this time:), happy Ghosting 100%"
frhd,680227,Onyx,Eryp,"[""Eryp""]",158,11,0,2019-12-22,683476,17.9k,Explore an aquifer. Massive thanks to both Zycerak and Zwinx. Zycerak made the angel as well as provided feedback on the ride. Zwinx gave general feedback. Wouldn't have turned out as well without their efforts.
frhd,680828,decay,zwinxz,"[""zwinxz""]",138,11,0,2019-12-29,537488,17.6k,rc8r3.
frhd,681180,Sewer Labyrinth,BowlOfFire,"[""BowlOfFire""]",218,8,0,2020-01-02,235637,19.0k,I'm never quite sure what to write here.
frhd,681624,dwagonbweath,churro,"[""churro""]",176,12,0,2020-01-06,648326,18.8k,smonky rc8r3
frhd,681633,Gravitic Flux,Nitrogeneric,"[""Nitrogeneric""]",106,19,0,2020-01-06,153034,22.3k,het universum zingt voor mij!
frhd,682493,POH.01 (2009),Stig,"[""Stig""]",57,9,0,2020-01-11,152257,11.6k,Here is a track I made with Jon312 in 2009!
frhd,682672,Skeleton Sea,spruce,"[""spruce""]",141,19,0,2020-01-13,606295,26.1k,"Don't miss your boat, or you'll be trapped with the skeletons."
frhd,683297,Tempest,mR..A,"[""mR..A""]",82,9,0,2020-01-16,105095,11.8k,"decided to publish this as a standalone track, was part of a big collab but progress stopped and some people aren't active anymore so here it is. enjoy"
frhd,683320,beyond all bounds,zwinxz,"[""zwinxz""]",156,14,0,2020-01-16,533794,24.0k,zzzzzzzzzz
frhd,685521,Environ,Fluffysmack,"[""Fluffysmack""]",263,18,0,2020-01-28,833623,29.4k,To surround; enclose. This is the storm. I hope you were prepared.
frhd,689862,Tears,Eryp,"[""Eryp""]",163,19,0,2020-02-18,340666,27.4k,"Komm, süsser tod. FRHDWC4GSR1"
frhd,691002,Eli Quest: 420,BHRtracks,"[""BHRtracks""]",65,29,0,2020-02-22,428852,10.7k,"Track #8077 by monkeys and lolz666: ""special thanks to lolz666 for detailing my track :)"""
frhd,692832,For Whom the Bell Tolls,nasrani,"[""nasrani""]",76,17,0,2020-03-01,182146,11.1k,"""For Whom the Bell Tolls"" is a novel by Ernest Hemingway"
frhd,692833,Ghost Desert,nasrani,"[""nasrani""]",51,4,0,2020-03-01,111155,6.7k,abandoned power tools
frhd,692838,i'm watchin you,nasrani,"[""nasrani""]",158,17,0,2020-03-01,712038,14.5k,This is a free draw track I did.
frhd,695464,Urban Dirts,J_Rider,"[""J_Rider""]",137,15,0,2020-03-11,690020,14.4k,urban dirt jump park. probably my last track. look out for hidden symbols and stuff
frhd,706178,The Sanctuary,DunderMifflin,"[""DunderMifflin""]",173,13,0,2020-03-20,952626,15.1k,"Welcome to The Sanctuary! Unfortunately, due to the scale of the track, I had to remove also all of the shading I did (the two lights are a reference to what I had.) So yes, I will be very sad if that is a reason my track is not featured. I hope you enjoy!"
frhd,706471,Infiltration ft Rationalities,Figured,"[""Figured""]",112,17,0,2020-03-22,1059618,11.5k,"Huge thanks to Ration, the best detailer, and thanks to Eryp for the verbal collab. We had a blast making this track"
frhd,707043,Mariana,Coated_Badger,"[""Coated_Badger""]",141,18,0,2020-03-25,549571,16.4k,Take a dive into the world's deepest sea floor. FT Rationalities and FluffySmack
frhd,707889,Frigid Mountains - 010David010,BHRtracks,"[""BHRtracks""]",54,15,0,2020-03-29,166188,14.0k,Track #4033
frhd,707891,#151: Undercover by Vapaa,BHRtracks,"[""BHRtracks""]",16,4,0,2020-03-29,118861,5.0k,Track #151
frhd,708061,Monker Collab 2015,BHRtracks,"[""BHRtracks""]",4,0,0,2020-03-30,1114983,3.6k,"Track #9908 by Redemption: ""Monkeys Collab 2015 is finally here. Credits to Jefe for hosting a portion of it! Thanks to everyone who participated in this Collab! Enjoy, -Red"""
frhd,708069,The seventh floor by Joel,BHRtracks,"[""BHRtracks""]",14,3,0,2020-03-30,29221,4.2k,Track #998
frhd,708589,Poe Man's Dream (His Vice),BHRtracks,"[""BHRtracks""]",13,1,0,2020-04-01,424276,4.0k,Track #937 by WM
frhd,708594,The Vapaa Factory by Vapaa,BHRtracks,"[""BHRtracks""]",11,0,0,2020-04-01,16740,3.8k,"Track #2573: ""Noticed the first Vapaa Factory wasn't on my account, decided to upload it"""
frhd,708611,Black Hat Humor by WM,BHRtracks,"[""BHRtracks""]",3,0,0,2020-04-01,63185,3.7k,"Track #2095: ""seen pssst's track so i had to make this lolol"""
frhd,708656,Horizon by east,BHRtracks,"[""BHRtracks""]",84,10,0,2020-04-01,517024,13.7k,Track #7187
frhd,708946,sfsfsgdfj by Maple,BHRtracks,"[""BHRtracks""]",60,7,0,2020-04-02,228253,11.6k,Track #13555
frhd,709759,UTAH,StevenLeary,"[""StevenLeary""]",277,23,0,2020-04-07,1364093,22.2k,Things aren't as they appear. Don't always trust what your eyes tell you.
frhd,710721,Dulzura,Holystone,"[""Holystone""]",46,10,0,2020-04-11,92274,5.0k,entry for the 2020 box contest hosted by weem.
frhd,710790,Encased,Fluffysmack,"[""Fluffysmack""]",230,24,0,2020-04-12,305923,29.4k,"Box CE. Yup, I do have a lot of stuff i'm workin on. Don't worry, I promise another Feat. Thanks Weem, for a great contest. Good Luck all! ~Fluffy"
frhd,711385,"Vivre, Pt. 2",Zycerak,"[""Zycerak""]",63,13,0,2020-04-15,274894,6.6k,"there are 5 different teleports that lead you to the end. you can take any path to get to any one of those teleports. there are hundreds of ways to complete the track. i started this track back in feb of 2018 and haven't made progress for >10 months, so i decided to upload it in its current state."
frhd,711969,Bals by Mickey_Mouse_Inc,BHRtracks,"[""BHRtracks""]",18,0,0,2020-04-17,43953,4.4k,"Track #8879: ""3 ways to go. Ghost it multiple times. :)"" [track name had to be changed to have one less L to be uploaded]"
frhd,712245,Devoid,moonoomoo,"[""moonoomoo""]",98,31,0,2020-04-18,573100,12.6k,"Inspired by Coated_Badger and ReallyGood. There are 7 things hidden in the map, I encourage you to look for them. A flower, a telescope, a rock climber, a camping tent, an easel with a painting, a kite tied to a stump, and a Christmas tree. Some are a lot easier to find than others, good luck!"
frhd,713298,Earth Day 2020,P0PC0RN,"[""P0PC0RN""]",547,21,0,2020-04-23,851642,42.2k,NTBF. Was going to finish on my old account but I got locked out. I barely play anymore and figure I'll just release this since it's Earth Day and I don't see myself finishing it. Don't sub. This is gonna be the last track.
frhd,713537,Octopus's Garden,mR..A,"[""mR..A""]",122,17,0,2020-04-24,312672,14.4k,"""i'd like to be under the sea, in an octopus's garden in the shade"" - The Beatles. Box Contest entry, enjoy"
frhd,713541,Calypso,zwinxz,"[""zwinxz""]",231,21,0,2020-04-24,620814,18.4k,death lurks in the deep
frhd,713545,The End,Netsik,"[""Netsik""]",148,13,0,2020-04-24,284735,16.0k,"this is the end, beautiful friend // this is the end, my only friend // the end of our elaborate plans // the end of everything that stands, the end --- box contest 2020"
frhd,713551,Inca,Cynic,"[""Cynic""]",191,14,0,2020-04-24,952717,20.0k,"Dumped into a peaceful gathering, at least that's what we thought it was. Is this the end?"
frhd,713615,Route 130,churro,"[""churro""]",75,4,0,2020-04-24,204544,6.3k,"Oh! Oh my! You can see Mirage Island today! Beautiful brass serenades your journey, Mt. Chimney erupts in the distance, coating the region in terrible, suffocating ashes, and sky pillar is here too! For the 2020 BCE thing."
frhd,716868,A World to Discover by fried,BHRtracks,"[""BHRtracks""]",33,17,0,2020-05-07,761298,7.6k,"Completable version of the track. All original 9 achievements and an added tenth must be obtained to complete the track. The order to complete is either 2,3,1,8,9,7,4,5,6,10 OR 8,9,7,2,3,1,4,5,6,10. Good luck!"
frhd,718472,The Vapaa Factory 2 by Vapaa,BHRtracks,"[""BHRtracks""]",8,2,0,2020-05-13,17566,3.9k,Track #149
frhd,718473,Sulphur Ridge 2 by Vapaa,BHRtracks,"[""BHRtracks""]",20,4,0,2020-05-13,26052,6.1k,Track #145
frhd,719425,clandestine,rationalities,"[""rationalities""]",203,24,0,2020-05-16,785107,21.0k,you can see him creeping in the shadows
frhd,720136,Jam (With butter),SilentFinger,"[""SilentFinger""]",81,9,0,2020-05-19,354411,7.4k,Good on toast I hear.
frhd,721196,Clandestine II ft Ration,Figured,"[""Figured""]",104,20,0,2020-05-23,282265,11.9k,"pt 2, enjoy"
frhd,721816,Mammoth (Revival),mR..A,"[""mR..A""]",122,30,0,2020-05-27,189206,17.4k,"the rollercoaster, reimagined"
frhd,724312,Chronos,NewHola,"[""NewHola""]",192,23,0,2020-06-05,670908,19.7k,"This timeline depicts the greatest achievements of human civilization. Explore wonders from the past, and accomplishments yet to come. Ride through these events until you encounter the inevitable fall of humanity. This is an eli contest entry. Enjoy."
frhd,724470,The Safari,Holystone,"[""Holystone""]",73,11,0,2020-06-06,395887,6.3k,Take an adventure in an abandoned safari park! Be careful! An Eli contest entry
frhd,725471,Notre Dame Burns,Netsik,"[""Netsik""]",135,25,0,2020-06-11,491186,11.2k,transition contest entry
frhd,725622,Subterranean Sky Palace,Coated_Badger,"[""Coated_Badger""]",118,36,0,2020-06-12,548916,12.3k,"Get Pranked, there isn't even a palace. Transition Contest Entry. Travel from the primitive normality of the caves to the Futuristic Fantasy that is the floating Islands."
frhd,725866,Desperation Part II,deadrising2,"[""deadrising2""]",170,28,0,2020-06-13,7566143,20.7k,"I didn't think we'd end up like this, I wanted to be with you forever but maybe it's not for the best because we're hurting each other. Theme of  Venice. Thank you to Stig and Armain for helping me out."
frhd,725944,Oblivion II ft. Nitrogeneric,TeamPhantom,"[""TeamPhantom""]",181,20,0,2020-06-14,4308580,22.3k,"Behind every creature, person, city, kingdom, realm, and world, there is always a story. A story to learn, to remember, and to treasure until the end of time. | Collaboration with Nitrogeneric."
frhd,726080,Hyrulian plains TCE,G-raffe,"[""G-raffe""]",89,13,0,2020-06-15,360230,8.2k,Inspired by BoTW.
frhd,726656,sleep paralysis,churro,"[""churro""]",146,24,0,2020-06-18,769270,25.7k,tce!!!
frhd,726859,Computer,Seasnails,"[""Seasnails""]",303,16,0,2020-06-19,142296,17.7k,"This track simulates a computer. Zoom out and click to dislocate camera, once the input has been entered, for the best viewing experience in my opinion."
frhd,727034,This Can't Be Real Life,mR..A,"[""mR..A""]",253,28,0,2020-06-21,2804578,28.7k,"2020 community collab, the big sequel. here it is after combining and blending all the codes together. huge thanks to everyone involved, zwinxz, odezi, eryp, newhola, mudkip, cky, zgolex, dblu, coager, max, labib, netsik, polygon, tp, apoc, brendanmagill. enjoy!"
frhd,729825,Selina's Refill Island,Coated_Badger,"[""Coated_Badger""]",120,19,0,2020-07-15,85632,10.5k,land onto Selina's Island to refill your flying ship with all the oil it needs. LCE
frhd,729954,Time Warp (ft.WyattStonhouse.,TallTexan,"[""TallTexan""]",372,17,0,2020-07-16,2243390,29.1k,"Travel from the western era, to the future. A collab with WyattStonhouse & TallTexan."
frhd,730436,2020 Ghosting Collab,Eryp,"[""Eryp""]",120,23,0,2020-07-20,1242104,13.7k,thanks to all who participated. good luck
frhd,732809,Tundra,Eryp,"[""Eryp""]",181,19,0,2020-08-09,668851,23.2k,"a vast, icy wilderness. with spruce, ishu, and netsik"
frhd,733058,Hydra,Coated_Badger,"[""Coated_Badger""]",208,20,0,2020-08-11,655283,28.2k,"Enter the abandoned, crumbling castle in search of treasures, though beware of the dragon that has taken a liking to it. Thanks to HolyStone for drawing the dragon, wouldn't have been able to do it without him."
frhd,734998,splash,KorreKt_17,"[""KorreKt_17""]",147,12,0,2020-08-24,477113,18.5k,"did u like these waves ? it's pretty sunny today right , let's have some fun , frhd mixtape 07/08 2020"
frhd,735496,Tropisms,mtt2,"[""mtt2""]",308,25,0,2020-08-26,5536823,30.0k,8.26.2020 \\ collab with xwinx
frhd,735746,Crash!,Holystone,"[""Holystone""]",45,8,0,2020-08-27,253642,5.4k,started this track because quarantine was getting super boring and also school has started.
frhd,737010,Crested Butte,deadrising2,"[""deadrising2""]",115,24,0,2020-09-03,1273723,19.3k,"10 years since Gary was trialed for murder of his brother, Gary returns to  his hometown of Crested Butte, Colorado where he repents his sins to kill his brother.  This is the Ghosting Battle Contest 2 Round 10 track"
frhd,738164,Adventura,DblU,"[""DblU""]",156,33,0,2020-09-09,145754,29.7k,Worked together with enough bad collab partners. MikeWi is the real one.
frhd,739741,SLD Dirt Factory 2020,goofyinc,"[""goofyinc""]",195,31,0,2020-09-16,524768,24.5k,"Welcome to the Dirt Factory! In here everything is about keeping that special bar filled up. Rip through the dirt with your BMX or MTB, the choice is yours to make! Featuring two buildings filled with Dirt Jumps and Fourcross tracks for your hearts contempt. Enjoy."
frhd,745191,Ethereal,Fluffysmack,"[""Fluffysmack""]",369,28,0,2020-10-06,887168,33.1k,"""extremely delicate and light in a way that seems too perfect for this world.""____ Rip Worlds Collab. It was originally me and a whole bunch of other amazing authors. Turned out to be just me. Oh well.... Enjoy ~Fluffy"
frhd,748615,Dream Lantern,Eryp,"[""Eryp""]",194,19,0,2020-10-17,104905,18.3k,mwc entry. 'your name' theme
frhd,752628,Somebody's Watching Me,Holystone,"[""Holystone""]",128,18,0,2020-10-30,946704,16.7k,I always feel like somebody's watchin' me And I have no privacy I always feel like somebody's watchin' me Who's playing tricks on me? | Poster Contest 2020 entry | 9/21/20 - 10/30/20 | dedicated to kevin cash.
frhd,752839,South Dakota,StevenLeary,"[""StevenLeary""]",196,31,0,2020-10-31,1570785,21.7k,a ride back through time and the Native American ways of life...  And we called them Savages?  They already knew what Christianity may Never figure out.  We were Wrong!
frhd,754786,Ajaokuta,Netsik,"[""Netsik""]",165,19,0,2020-11-05,283129,23.9k,a poster contest entry
frhd,755402,Forsaken Sinkhole,Coated_Badger,"[""Coated_Badger""]",118,44,0,2020-11-07,690292,15.0k,Ride down the dangerous cliffs of a small town devoured by a sinkhole and discover the left over remnants of the people that used to live there. PCE.
frhd,755529,Skydust,LabibZaydandy,"[""LabibZaydandy""]",130,26,0,2020-11-08,842489,22.5k,Skydust for 2020 FRHD Poster Contest
frhd,755617,Ostoria,Foundations,"[""Foundations""]",164,20,0,2020-11-08,846841,27.6k,PCE - Discover the language of the Giants in the remains of their long abandoned home - Ostoria
frhd,757002,mashed peas,churro,"[""churro""]",177,22,0,2020-11-12,239547,21.5k,pce baybe
frhd,762712,Degenerate,moonoomoo,"[""moonoomoo""]",80,14,0,2020-11-28,1032501,7.5k,"CCE, won't post on MNM.v2 for some reason?"
frhd,763456,Backtrack,dantexpress,"[""dantexpress""]",95,18,0,2020-12-01,91859,11.9k,I have no idea what I am doing. RC9R1.
frhd,764918,Potemkin Town,RideOn,"[""RideOn""]",261,22,0,2020-12-03,997828,28.9k,Welcome to the lovely mountain town of Hawthorne! Nothing to hide here! Nothing at all! After a 3 year hiatus from this game I've decided to give it another go after being trapped inside for quarantine. I hope you all enjoy playing the track as much as I enjoyed making it! Ill be making more soon!
frhd,765578,afternoon in osaka,MyrraWolf,"[""MyrraWolf""]",137,23,0,2020-12-04,1067029,12.8k,I hope you guys enjoy! <33
frhd,765705,The Antigravity Area,Coated_Badger,"[""Coated_Badger""]",229,20,0,2020-12-05,162366,16.1k,You're in an area without gravity. There seems to be a ton of random stuff to see as you ride around. rc9r1.
frhd,766479,αποφεύγεται,SilentFinger,"[""SilentFinger""]",140,10,0,2020-12-08,788245,10.3k,"RemIX Contest Round 1 Entry. A load of fun to make, one of my best tracks so far, hope you guys enjoy."
frhd,768079,Wirrwarr,zwinxz,"[""zwinxz""]",187,12,0,2020-12-10,1249618,22.8k,Remix Contest 9 Round 1 Entry
frhd,768393,Banther Lodge,Volund,"[""Volund""]",100,8,0,2020-12-11,214055,8.3k,"Do it, Callum; change history. Forge a new path for Xadia. Remix Contest 9, Round 1."
frhd,768489,Earthbound Sanctuary Garden,Netsik,"[""Netsik""]",101,13,0,2020-12-11,306257,10.6k,"remix contest entry, round 1. original track by phil36845"
frhd,768667,The Scorch,Holystone,"[""Holystone""]",95,14,0,2020-12-11,545122,9.8k,Explore an city left to rot due to some deadly sun flares a while back and WICKED's desperation to find a cure. Based on the second book in the Maze Runner Series. RC9R1.
frhd,768709,All We Need,Zycerak,"[""Zycerak""]",201,14,0,2020-12-12,565306,22.6k,rc9r1. published by eryp (lol)
frhd,768733,Realities Edge,Odezi,"[""Odezi""]",182,16,0,2020-12-12,2590614,18.9k,"At the edge of reality, the mind breaks apart | RC9R1"
frhd,769072,Subterranea,dantexpress,"[""dantexpress""]",119,11,0,2020-12-14,169153,10.7k,"Explore an ancient cave system that leads you to an underwater cavern. Watch out for the shark though, it hasn't eaten in 3 days. Thankyou guys for getting me on trending with my last 2 tracks. Enjoy this one!"
frhd,771798,Path to Paradise -Not Finished,DunderMifflin,"[""DunderMifflin""]",142,30,0,2020-12-22,700025,13.2k,"I started this track back in July with a lot of excitement, but I got really busy at work and stuff, so my motivation to produce another huge track lessened. I was also hoping to put this out to be Featured if I finished it. Hope you guys enjoy!  22 December 2020"
frhd,772390,Evanescence of an Empire,Chaos-Fallen,"[""Chaos-Fallen""]",99,20,0,2020-12-26,61136,9.4k,rc9r2 - Abandoned cities of the Mayan Civilization long ago are only being found today. But why were they abandoned? 10 million people surely couldn't have perished from drought.
frhd,772470,Murmur,zwinxz,"[""zwinxz""]",135,14,0,2020-12-27,1582593,20.0k,Remix Contest 9 Round 1 Entry #feelsrushedman
frhd,773687,Chromium by zwinxz and cky199,deletedfeatsclassics,"[""deletedfeatsclassics""]",48,6,0,2021-01-06,259561,8.2k,"Track #292139 - ""Consider it a comback"""
frhd,773698,Mountain Mission by stig,deletedfeatsclassics,"[""deletedfeatsclassics""]",55,9,0,2021-01-06,49237,7.7k,"Track #1032 - ""Mountain mission is a Free Rider community classic track by stig."""
frhd,774026,Lu d'Mont,dantexpress,"[""dantexpress""]",106,22,0,2021-01-07,151663,10.6k,"Welcome to the quiet hilltop village of Lu d'Mont. Enjoy your stay in the relics of a time past. Thankyou guys so much for 200 subs, it means so much to me to have some people following what I do! Feel free to subscribe for more, collab with Logeton and CHARREDLIZARD21 at 1090k."
frhd,774350,Canvas Rider DB by Stig,deletedfeatsclassics,"[""deletedfeatsclassics""]",42,9,0,2021-01-07,373911,7.0k,"track #1292 - ""Canvas Rider DB is a Free Rider HD community classic track by Stig."""
frhd,774367,WJP Follow the light by Stig,deletedfeatsclassics,"[""deletedfeatsclassics""]",36,5,0,2021-01-07,217282,4.2k,"track #3785 - ""WJP Follow the light is a Free Rider community classic track by Stig."""
frhd,775420,Euler's Expanse,Figured,"[""Figured""]",194,23,0,2021-01-12,644272,30.5k,"I'd say Euler has way to many book, he is a very educated and knowledgable man, enjoy traveling through his luxurious house with millions of books to read. RC9R3, had to upload a little earlier than wanted but it'll do!!! Good luck to everyone else for this round. Peace!!!"
frhd,776832,Serenity,dantexpress,"[""dantexpress""]",153,21,0,2021-01-16,380353,13.8k,'Inner peace.' - Master Oogway
frhd,777048,Riffraff,zwinxz,"[""zwinxz""]",291,16,0,2021-01-17,712617,47.0k,Remix Contest 9 Round 3 Entry. Inspired by Mortal Engines
frhd,777257,hubbub,Odezi,"[""Odezi""]",106,14,0,2021-01-19,424259,13.4k,your mind is the only thing that can comprehend it - rc9r3  thx Eli for hosting rc9. i dont think contests are for me
frhd,783815,Mawr Pathway 4,Maple,"[""Maple""]",195,16,0,2021-02-08,195746,24.9k,Reached the fourth of the series!
frhd,786553,FRWC5 - LC Semifinals,Holystone,"[""Holystone""]",89,9,0,2021-02-16,923453,9.4k,enjoy ghosters. 1/20/2021 - 2/15/2021
frhd,788118,Born To Explore,SilentFinger,"[""SilentFinger""]",155,21,0,2021-02-20,1355599,21.4k,"FRWC-Championship Finals. Collab with Apocolypse, Fluffysmack and Logeton. Great work all around. Thank you to Totoca, Eryp and Brandon for allowing me to participate and making a great contest in general."
frhd,789158,Dynasty I,Zgolex,"[""Zgolex""]",220,18,0,2021-02-23,1140916,28.7k,What makes a shinobi is not if he completes his mission but if he has the agency to sacrifice his mission to save a comrade. Find and save your friend.
frhd,793209,The Beneath,DunderMifflin,"[""DunderMifflin""]",175,26,0,2021-03-05,1018897,26.8k,"The divide between the government and its people. Explore the worlds of two totally different societies. A much trickier track but still doable for most riders. Can you find the Dundie Award? Also, don't ask me what VT means... because I don't even know. 5 March 2021"
frhd,796115,名誉を与える,Fluffysmack,"[""Fluffysmack""]",314,28,0,2021-03-12,1375606,37.5k,"BCE 2021... To give honor, honored, grounded in respect. Enjoy :)"
frhd,796239,Wave Memorial,Coated_Badger,"[""Coated_Badger""]",167,26,0,2021-03-12,148951,27.3k,In loving memory of Charlie Bodman. He could have at least left behind a glider before he abandoned the mortal plain. BCE.
frhd,796578,Retreat,dantexpress,"[""dantexpress""]",157,24,0,2021-03-12,242161,21.5k,Sometimes you have to escape the hustle and bustle of life and retreat to a place where you can think clearly. 2021 BCE.
frhd,796705,Nineteen Twelve,deadrising2,"[""deadrising2""]",182,29,0,2021-03-13,976486,25.6k,"Escape the sinking of this famous ship on its maiden voyage. BCE 2021, shoutout to Fluffy, Dante, Odezi, Coager, Endy and Cod. My bois"
frhd,797569,Dynasty: Interlude,Zgolex,"[""Zgolex""]",145,21,0,2021-03-16,1153490,33.4k,"In a perfect world, anything we do comes with a price but this isn't a perfect world. People do bad things and, if you're lucky, you have a chance to set it right. This isn't one of those times. | BCE entry"
frhd,798983,Intrappolato,Holystone,"[""Holystone""]",264,29,0,2021-03-19,1638653,49.7k,"As the sun sets, you realized that you missed your hot air balloon ride to get out of here. You're trapped here forever. Entry to the 2021 Box Contest hosted by weem"
frhd,820399,The Scientist,Chaos-Fallen,"[""Chaos-Fallen""]",158,8,0,2021-05-17,237108,21.1k,// nobody said it was easy // no one ever said it would be this hard // oh take me back to the start //
frhd,828584,Regret ┼,deadrising2,"[""deadrising2""]",213,34,0,2021-06-13,8501001,26.4k,"There's many things I've regretted in my life but without looking at what was best and moving forward I'd be less of a man. I mustn't Regret. Here's to you Amanda, Frankie, Maddie and Daria. Box entry 2020"
frhd,833365,Battle Carrier Alexander-78V,Coated_Badger,"[""Coated_Badger""]",155,31,0,2021-07-14,105281,29.4k,Battle carrier flagship Alexander-78V flees from Kerenza IV after receiving heavy damage from BeiTech Industry's enemy fleet. The warp gate generator aboard Alexander-78V has malfunctioned and the ship has been forced to escape manually by arriving at Jump Station Heimdall while still being pursued.
frhd,834864,Terrarium,dantexpress,"[""dantexpress""]",198,25,0,2021-07-27,2433597,28.8k,"Beneath an idle village lies a labyrinth of tunnels, filled with secrets. Whatever you encounter, don't let anything fool you. Ignore whatever you see. It is up to you whether you decide to venture below. A collaboration with CHARREDLIZARD21 and Logeton. 10/6/20-7/7/21."
frhd,835249,Primordial Sketchlands,Maple,"[""Maple""]",353,16,0,2021-07-31,6833331,42.0k,Despite their efforts the Primevals were no match against entropy and time.
frhd,836399,tedious (GBC3R3),zwinxz,"[""zwinxz""]",108,12,0,2021-08-11,283521,13.9k,ft. Madara - Enjoy!
frhd,839261,Battle for Tokyo III (GBCr10),deadrising2,"[""deadrising2""]",206,32,0,2021-09-01,2019112,35.8k,"Welcome guys to Tokyo III, our hero Shinji is a bit of a wuss, help him battle the angels and get to the entry plug to battle the EVA  GBC R10 hosted by Madara, track made by Odezi, detailed by me."
frhd,839651,sky-link_7202,MyrraWolf,"[""MyrraWolf""]",110,3,0,2021-09-03,211581,9.9k,"Feel like Romeo, Moncler coat when it's cold  »++nov20-jan21» https://soundcloud.com/kinniato"
frhd,842757,auto with comedic value.,Zycerak,"[""Zycerak""]",140,20,0,2021-09-20,63403,15.9k,hello. zycerak here. hope you enjoy this auto track. yeah
frhd,843416,Strange Days,Chaos-Fallen,"[""Chaos-Fallen""]",92,22,0,2021-09-23,128140,17.9k,"unfin. was originally BCE'21v1, but gave up quickly. Held off posting it, hoping to finish it but I was grasping at nothing, so why not."
frhd,848970,Dejected,moonoomoo,"[""moonoomoo""]",168,17,0,2021-10-17,410578,35.3k,"ntbf collab with NoahCasey27, dantexpress, pawflix, lax66lax, and minch"
frhd,850667,The Antigravity Area 3,Coated_Badger,"[""Coated_Badger""]",214,21,0,2021-10-24,156229,27.8k,YOOOOOO!?!! TAA3?? TRACK OF THE YEAR??!?!! LET'S FU.CKING GO?!?!?!
frhd,853813,mundane,rationalities,"[""rationalities""]",128,9,0,2021-11-05,349687,17.2k,same same but difffffferent
frhd,854059,"465,676 missing children",Zycerak,"[""Zycerak""]",115,21,0,2021-11-06,207013,10.3k,"the japanese text at tje top reads ""miniature worlds contest 2"" (because this is my miniature worlds contest 2 contest entry) . i think its malcom in the middle. idk i never watched tje show. the picture was kind of goofy/silly though. enjoy :D"
frhd,855248,Ultima,loge_0,"[""loge_0""]",25,1,0,2021-11-11,74303,1.7k,quite proud of this one
frhd,855253,Crystallized,loge_0,"[""loge_0""]",67,7,0,2021-11-11,655181,5.7k,inspired by many areas in the game icycle
frhd,855798,Enterprise,loge_0,"[""loge_0""]",47,8,0,2021-11-13,797639,5.9k,remix entry 492gna90vjm4i29fvjsn3w0f0giewnm39c
frhd,861212,Ruby Version,deadrising2,"[""deadrising2""]",142,34,0,2021-12-04,5399247,17.4k,Track 8 in the colour series.  Steven and the crystal gems must face an unknown threat in Peridot and Jasper!  BBCE 2021
frhd,861315,Revelation,Fluffysmack,"[""Fluffysmack""]",280,13,0,2021-12-05,2947669,21.8k,"For G0d will bring every act to judgment, everything which is hidden, whether it is good or evil… When all time meshes and worlds collide. ~ enjoy BBCE 2021"
frhd,861460,Archie's Carnival,dantexpress,"[""dantexpress""]",153,19,0,2021-12-06,1458095,19.8k,Well it looks like Crazy Dave has the carnival all to himself - 2021 BBCE.
frhd,861490,Ivan,RadiumRC,"[""RadiumRC""]",222,26,0,2021-12-06,1431757,29.3k,"On October 30, 1961, a thermonuclear bomb, codenamed Ivan, was detonated by the USSR, four kilometres above the remote Arctic island of Severny. Known as the Tsar Bomba, it was the most powerful manmade explosion in history, yielding the equivalent of 50 million tons of TNT. // Big Box CE 2021"
frhd,861492,In My Place,Chaos-Fallen,"[""Chaos-Fallen""]",131,13,0,2021-12-06,381993,20.8k,A representation of the last four years || letting go - 5/12/21 - BBCE
frhd,863872,Opulignum (Classic),Albatross,"[""Albatross""]",112,9,0,2021-12-15,19232,16.1k,"Opulignum is one of my Free Rider community classic tracks, republished here to consolidate my track collection."
frhd,863874,Taiga (Classic),Albatross,"[""Albatross""]",223,14,0,2021-12-15,485375,28.8k,"Taiga is one of my Free Rider community classic tracks, republished here to consolidate my track collection."
frhd,866629,Project Wilderness,lolz666,"[""lolz666""]",249,13,0,2022-01-01,2182319,25.6k,"Project Wilderness (v2.6), a track that has been worked on since 2015! Only in small sprints from time to time though. Some portions of the track have even been redone since my style and taste has changed during the many years working on this. Still a WIP, but can't wait any longer to be seen!"
frhd,867365,xCave 8,G-raffe,"[""G-raffe""]",88,11,0,2022-01-06,388734,10.0k,"Introducing the xCave 8™, a cycle designed to carve through otherwise impenetrable mountain pathways with ease. Made for the Remix Contest X."
frhd,870048,Neptune's Wave,dantexpress,"[""dantexpress""]",194,26,0,2022-01-20,1324136,18.5k,Conquer the seven seas in style with Neptune's Wave. RC10R1.
frhd,870601,Jettyside,RadiumRC,"[""RadiumRC""]",163,18,0,2022-01-22,1559147,21.2k,submerge // remix contest 10 round 1
frhd,870655,Vah Medoh,G-raffe,"[""G-raffe""]",156,12,0,2022-01-22,404048,22.1k,Entry for RC10R1. Explore the Tabantha Frontier...
frhd,870742,Place,loge_0,"[""loge_0""]",95,10,0,2022-01-23,161607,10.3k,"A place, somewhere, sometime. remix contest 10 round 1 entry"
frhd,870797,dreamt of  /////  GONZALO,Chaos-Fallen,"[""Chaos-Fallen""]",162,20,0,2022-01-23,201452,24.3k,y. might sleep 14 hours then POOoP MYSELF. man i love life sometimes -------- imma go back to bed. rc10r1
frhd,870829,Fuchsia Butterflies,Holystone,"[""Holystone""]",59,12,0,2022-01-24,1647773,8.2k,"And I got my bed made, so long, sweet dreams/ Fuchsia butterflies dizzy, now what am I? / Climb in the shadows, honey, I'm home / It's all by design if I pass out on the lawn"
frhd,871694,Expectations,SilentFinger,"[""SilentFinger""]",72,3,0,2022-01-27,734142,6.6k,"Quite old collab with Rationalities, Unfinished (naturally) but enjoyable."
frhd,872769,Covid-19 Dreamin',Albatross,"[""Albatross""]",253,14,0,2022-02-01,175633,38.0k,A track inspired by the Great American Toilet Paper Crisis of 2020.
frhd,873982,111549W928 79X47519,Chaos-Fallen,"[""Chaos-Fallen""]",69,8,0,2022-02-05,246517,7.5k,4 ways to complete the track! rc10r2. enjoy
frhd,873989,Behemoth,G-raffe,"[""G-raffe""]",146,17,0,2022-02-05,509994,21.5k,It happened on a cloudless day...                  .  ...RC10R1
frhd,878989,our downfall,braw,"[""braw""]",260,27,0,2022-02-26,2599335,36.5k,downfall/ruin—the physical state of being destroyed. our downfall is a project that was begun early September and took over the course of about   six months to complete. feel free to donate to 350.org or other climate change organizations to protect our planet.
frhd,879869,Electric Outpost,Drndemi,"[""Drndemi""]",105,14,0,2022-03-02,130727,10.8k,Find your way through the valley of electricity !
frhd,879984,Maszynka do mielenia mięsa,deadrising2,"[""deadrising2""]",156,36,0,2022-03-02,3073669,32.0k,"Zostałeś odesłany w czasie, aby uratować dziadka  Time travel from 2042 poland to 1942 USSR. Be careful out there soldier. Remix X Round 2 (late entry)"
frhd,881715,Tempus Greges Aorum.,Drndemi,"[""Drndemi""]",91,7,0,2022-03-09,253153,8.8k,"""What happened here ..? who were they ..? It was so long ago.. These giants were formerly gods, defeated by the only enemy who reduced them to dust : Time."" Welcome to Tempus Greges Aorum, an offroad brush track, hope you will enjoy it !"
frhd,885563,the singing winds,Drndemi,"[""Drndemi""]",151,5,0,2022-03-24,371073,15.5k,"Wake up, rider. You slept so long. Now it's time to explore. Ride like the wind through this forsaken land, yet familiar. You've seen this place in your dreams. As you prepare for the long journey awaiting you, the winds start to sing, making rocks and grass vibrate, producing a soothing melody."
frhd,887374,Onward Journey,ShelbyLowry,"[""ShelbyLowry""]",133,3,0,2022-04-01,252887,13.3k,Life throws unexpected challenges sometimes. All we can do is hold on to our values and press forward.
frhd,895180,Speleo Symposium,SilentFinger,"[""SilentFinger""]",172,8,0,2022-05-07,1368023,24.0k,proud to finally get this out.
frhd,898320,The ancient realm,Drndemi,"[""Drndemi""]",81,10,0,2022-05-20,699393,8.5k,"You’ve been summoned once again into an unknown place. You are surrounded by millenials trees, a warm and gentle breeze, bringing you the sweet scent of this magical forest. As you advance, you will discover more about this ancient realm. Maybe you’re not the first one travelling here ?"
frhd,898335,> The 1000 Jumps <,Skijumping,"[""Skijumping""]",737,26,0,2022-05-20,3843315,92.3k,"Here it is ! The longest jumptrack in the world. This is not a race but a fight with yourself and your nerves. Everyone can do it. Easy ways are provided at all the delicate passages in the first 800 jumps. For advanced riders, a medal challenge and many mysteries complete this great adventure .SJ."
frhd,903079,The singularity,Drndemi,"[""Drndemi""]",145,7,0,2022-06-17,948945,23.5k,"Diary Entry, Day 482 : We have lived since ages next to the artifacts of the lost Guardians. In the memories of the elders, no one had ever seen anything like this. But when the young Malko discovered the crystal in the depths, the singularity awakened. I’m alone now, looking for answers. Staln"
frhd,906266,The origins,Drndemi,"[""Drndemi""]",187,16,0,2022-08-04,2282235,35.0k,Diary Entry Day 512 : Still no trace of Malko and the others. This is the seventh universe I have visited since I crossed the first singularity in my motherland. This one looks different. Several artifacts make me think that I will find answers here about the creators of the spatio-temporal rifts.
frhd,911564,BC2022 : Twisted Minds,Drndemi,"[""Drndemi""]",93,2,0,2022-09-20,568031,11.0k,"Diary Entry Day 522 : I feel dizzy. Everything here seem twisted and corrupted. I also have a strange feeling that something is watching me. I’m quite sure that i’m trapped here, by someone really powerful. Maybe the ancient creatures who created this spaces ? I have to find an escape. Fast."
frhd,917456,NOSTALGIA or time's atrophy,Volund,"[""Volund""]",185,18,0,2022-10-22,541810,30.1k,"[a collaboration with @rationalities. sorry this took so long to finish, friend. please check his profile out; he is very talented] temporal degradation // NOTHING AND NO ONE WITHSTANDS FATHER TIME ANYMORE. LIVE NOT IN THE PAST ANY LONGER; MAINTAIN YOUR ROOTS, BUT STILL REACH FOR THE STARS"
frhd,923665,dubious (FRWC6),SilentFinger,"[""SilentFinger""]",43,11,0,2022-11-22,293716,6.5k,Semi-final for the FRWC6
frhd,923803,Desperation Part III,deadrising2,"[""deadrising2""]",149,23,0,2022-11-22,9799930,20.1k,"Sometimes you come full circle. It's over and she pulled you back. Am I the bad guy? I'm desperate just to feel something again I don't know what my worth is anymore. Theme of Sydney, based on a true story."
frhd,927503,rain kids,Eryp,"[""Eryp""]",109,6,0,2022-12-14,378798,17.0k,an unfinished collab with nitrogeneric loosely based on girls' last tour
frhd,928722,xmas themed track (christmas!),THEend,"[""THEend""]",28,3,0,2022-12-21,10528,3.4k,just kidding. i should probably go work on something more important now
frhd,929039,Neptune's Keep,max007x,"[""max007x""]",126,17,0,2022-12-23,462588,15.9k,A collaboration with Eryp
frhd,930308,Pokejoust,dantexpress,"[""dantexpress""]",139,9,0,2023-01-07,825626,9.8k,"An early entry for the Pokemon Card Contest hosted by Volund. Really hope you guys enjoy this one, I had such a fun time creating this. Good luck to the other contestants!"
frhd,930490,Green Version,deadrising2,"[""deadrising2""]",146,15,0,2023-01-09,1769320,12.2k,Track 9 in the colour series. Pokemon card contest hosted by Volund! Indirect sequel to Red Version. So this is reality... Right?
frhd,930500,The Last Tale of Yggdrasil,Drndemi,"[""Drndemi""]",138,4,0,2023-01-09,1594263,11.4k,"Since Zygarde’s death, the perfect balance of Yggdrasil’s life cycle had been broken.  After years of fierce struggle, the two titans of life and death, Xarneas and Yveltal, clashed one last time, determining the fate of the world as we know it.  What will be the outcome of this cataclysm?"
frhd,931016,Concorde,SilentFinger,"[""SilentFinger""]",133,8,0,2023-01-13,663467,12.2k,"my Pokemon Contest entry. thanks to volund for hosting this contest, and special thanks to pie, endy, and xshade."
frhd,931233,Eclipse,G-raffe,"[""G-raffe""]",86,10,0,2023-01-14,916720,9.1k,Welcome to Alola
frhd,null,null,null,[null],0,0,0,2023-01-17,39507,0,
frhd,931404,Not So Friendly Rivalry,Coated_Badger,"[""Coated_Badger""]",96,17,0,2023-01-17,214550,9.6k,Mega Swampert ~ PCCE
frhd,931408,Lucario V,churro,"[""churro""]",98,17,0,2023-01-17,328686,10.3k,crunch is one heII of a drug ;]
frhd,931539,Gurkinn's Alakazam,Holystone,"[""Holystone""]",111,15,0,2023-01-18,1892034,9.8k,"Its brain cells multiply continually until it dies. As a result, it remembers everything. Entry to Volund's Pokemon Card Contest. (one day late)"
frhd,931865,Kyurem's Awakening,Innominate,"[""Innominate""]",108,18,0,2023-01-20,217277,10.5k,"The creature can only survive in the coldest of climates, and it's temper is known to get out of hand. Stay out of its way, and it will stay out of yours • Pokemon Contest Entry"
frhd,932159,ray quaza,braw,"[""braw""]",123,6,0,2023-01-23,2936709,10.8k,"last second pokemon entry, enjoy!"
frhd,932953,Gallery of a Rotting Mind,malishya,"[""malishya""]",208,17,0,2023-01-27,2355497,14.4k,Let it break through my skin and replace me
frhd,933124,Dry Grove Sanctuary,Maple,"[""Maple""]",191,13,0,2023-01-30,2343803,25.1k,Spring eternal
frhd,934030,Opulignum Mk2,Albatross,"[""Albatross""]",173,6,0,2023-02-03,212896,23.3k,More tunnel/tubular madness.
frhd,934370,The Messenger,deadrising2,"[""deadrising2""]",95,12,0,2023-02-07,1318231,13.9k,"RCXI r1 - From January to May 1944 the Allies (UK, US, New Zealand, Poland) attacked the front of Monte Cassino. It took months to shell the Axis out of there but you have a message for the Polish Sergeant. Where could he be?"
frhd,934559,Well,loge_0,"[""loge_0""]",121,11,0,2023-02-08,183771,14.6k,makes oiI (RC11R1)
frhd,934728,Dead Animal Juice,dantexpress,"[""dantexpress""]",124,11,0,2023-02-09,669487,16.5k,"Wait, if this is an oil rig, why are there so many bike jumps?! Isn't that a health and safety hazard?! Only real ones will understand the title. RC11R1. Enjoy :D"
frhd,934810,La boîte de Pandore,Skijumping,"[""Skijumping""]",106,6,0,2023-02-09,1707690,13.4k,"From the cave of the Eagle, go through the sanctuary and find Pandora's room. Curse or blessing, creation or destruction, we don't know if it's good for humanity. Activate all the lasers to destroy this box and stop the time. Good luck Tomb Rider. SJ"
frhd,934980,SMITHEREENS,Nitrogeneric,"[""Nitrogeneric""]",84,4,0,2023-02-10,315183,9.9k,"rcxir1; special thx to eryp, volund, coag, endy, dante, logeton"
frhd,934983,a pleasant place,THEend,"[""THEend""]",66,9,0,2023-02-10,997951,5.9k,r11r1... might finish later
frhd,936317,"Demi-goddess, Demi-diety",malishya,"[""malishya""]",286,10,0,2023-02-20,2347060,25.8k,"What are you running from this time? Every time you get back, you return to the start line"
frhd,936672,Kelp Me I'm Drowining,dantexpress,"[""dantexpress""]",153,6,0,2023-02-23,731302,17.8k,"Continued from Dead Animal Juice. Far below the metallic jungle lies a bustling underwater environment, filled with sea creatures. Ride your way through it all and don't forget to watch out for the seamines! I wonder how they got there... An early entry for RC11R2."
frhd,936690,Zycerak's Day Off,Zycerak,"[""Zycerak""]",84,11,0,2023-02-23,62305,9.0k,"This is the story of Zycerak. When Zycerak was little, he played a lot of Free Rider HD online. As he grew older, he got really fat and lazy and ugly. He has no job, lives with his parents, has no life, no friends, and every one hates him and calls him names. This is what happens when you play FRHD!"
frhd,937130,fishbowl,Chaos-Fallen,"[""Chaos-Fallen""]",40,5,0,2023-02-27,47756,4.8k,i wasn't going to make any tracks for the remix contest but i LOVE tears so much it is really fun thanks eryp for the original ride i changed it up hope everyone finds it enjoyable.
frhd,937269,Questionable Social Constructs,deadrising2,"[""deadrising2""]",119,8,0,2023-02-27,1457471,28.1k,"Remix 11 R2 - In a fit of tears,  you rise from below. Don't we all pretend to be what we're not?"
frhd,938064,The Ultracave,loge_0,"[""loge_0""]",176,19,0,2023-03-04,2325829,25.7k,there's no way out of the Ultracave. (rc11r2)
frhd,938166,Indoor Jam by Stig,deletedfeatsclassics,"[""deletedfeatsclassics""]",9,2,0,2023-03-05,26291,1.0k,"track #10738 ""Indoor Jam is a Free Rider community classic track by Stig."""
frhd,938167,Dreamskate by mR..A,deletedfeatsclassics,"[""deletedfeatsclassics""]",13,1,0,2023-03-05,26800,2.6k,"track #212124 ""This is a track to ride at your own pace and discover areas in different ways. Free-roam setting with endless varying routes, enjoy!"""
frhd,938431,The Lost Island by jaketocake,deletedfeatsclassics,"[""deletedfeatsclassics""]",20,6,0,2023-03-07,1963650,3.8k,"track #714532, ""figure i'd go for a feat, make it look better. took lots of time."""
frhd,940639,mirage,bladee,"[""bladee""]",54,7,0,2023-03-20,303437,7.0k,"@bladee/@myrrawolf scrapped drawings that i don't wanna add to a larger track. workin on something large, will publish on this account."
frhd,944191,Solar System,Seasnails,"[""Seasnails""]",77,11,0,2023-04-17,649131,8.0k,"Some diagrams of the solar system have the planets to scale. Some have the distances between orbits to scale. Few have both. There is a good reason for this. Inspired by the website ""If the Moon were only 1 Pixel""."
frhd,944357,Forest Slopes,gun,"[""gun""]",308,8,0,2023-04-17,426095,33.0k,Have fun on the sweeping slopes through the forest scenery. A track made a couple of years ago that I finally decided to touch up and finish
frhd,945217,when white flowers bloomed ~,bladee,"[""bladee""]",132,11,0,2023-04-24,2173736,13.9k,"the blue sky, the blue ocean [feb-apr2023] 呼吸:アラベスク [@myrrawolf/@bladee]《𝗥𝗘𝗟𝗢𝗔𝗗》"
frhd,945220,INT'L SKATE STATION,Ness,"[""Ness""]",62,10,0,2023-04-24,380767,6.5k,a special thanks to Maple and pssst for inspiration
frhd,946458,Jon312: a retrospective,Ness,"[""Ness""]",35,5,0,2023-05-02,37506,4.9k,"medley of Jon312 skatepark tracks, remixed. includes elements from ""Blue Leaves"", ""Mini Ramp - Indoor"", ""Skatepark"", and ""Fantasy Factory"""
frhd,950004,Steady Going Numb,malishya,"[""malishya""]",228,20,0,2023-05-24,5487593,23.3k,Thanks to Elibloodthirst aka Deadrising 2 for taking a part in this track. All hail Zuza!
frhd,950596,Temple Run,mtt2,"[""mtt2""]",115,13,0,2023-05-30,2012983,19.4k,unrelated to the game temple run
frhd,950619,After The Earthquake,Ness,"[""Ness""]",54,4,0,2023-05-30,118149,7.9k,entry for weem's remix bonus contest
frhd,953394,Xujo,loge_0,"[""loge_0""]",34,10,0,2023-07-01,46907,2.3k,proof of concept
frhd,953474,Desolate,mR..A,"[""mR..A""]",41,1,0,2023-07-03,36640,6.1k,2023 minimal version
frhd,953727,M E 0 F N T I G D N W,Chaos-Fallen,"[""Chaos-Fallen""]",42,2,0,2023-07-09,18751,3.8k,4 ways
frhd,953741,{MTB} STONEY PARK,JacksofAmerica,"[""JacksofAmerica""]",144,4,0,2023-07-10,3136501,25.7k,My First Track in 10 years is here! I really hope you all enjoy this track! It was a labor of love!
frhd,null,null,null,[null],0,0,0,2023-07-14,167346,0,
frhd,null,null,null,[null],0,0,0,2023-07-20,39313,0,
frhd,954385,1729,loge_0,"[""loge_0""]",45,4,0,2023-07-24,20268,3.0k,"quick ghosting track i made as a sort of brain break. my next track will be my entry to the super mario maker contest being held on forums, which you should go join. sorry for poor detail bois"
frhd,954517,Levels,J_Rider,"[""J_Rider""]",72,7,0,2023-07-26,3631313,8.0k,"Levels took ages to make. Look out for lyrics, symbols, and names you may recognise :) enjoy"
frhd,955807,Super Mario World. 1,TPlacella,"[""TPlacella""]",95,10,0,2023-08-20,5367781,17.3k,"Welcome to Super Mario World! Ride, fly, drive and jump across the Mario Universe as you attempt to defeat enemies and save Princess Peach from Bowser's Wrath! Don't forget to play Part 2 of this epic adventure! SMMCE Part 1. 20/08/2023"
frhd,955860,Super Mario World. 2,TPlacella,"[""TPlacella""]",70,7,0,2023-08-21,4534799,11.5k,"Welcome back to Super Mario World! The adventure is not over, Princess Peach is still held hostage by Bowser. You must make your way to Bowser's Castle and save Peach before it's too late! If you haven't already, don't forget to play Part 1! SMMCE Part 2. 21/08/2023"
frhd,955926,1—4⠀,Seasnails,"[""Seasnails""]",109,15,0,2023-08-22,4594611,15.2k,A homage to New Super Mario Bros.
frhd,null,null,null,[null],0,0,0,2023-08-29,23975,0,
frhd,956718,Crank Palace by Holystone,deletedfeatsclassics,"[""deletedfeatsclassics""]",40,4,0,2023-09-01,1057663,4.8k,"track #837125 - ""ride made by madara. huge thanks to radium who took some time to do some detail for this track. it may not be much, but huge props to him for coming in last minute and detailing. there are 67 hours to ghost this track. good luck! (GBC3R5)"" (featuring Madara & RadiumRC)"
frhd,956746,goliath (unfin),Chaos-Fallen,"[""Chaos-Fallen""]",79,5,0,2023-09-01,264778,7.3k,ishu was right
frhd,956792,Poseidon's Dock,dantexpress,"[""dantexpress""]",171,8,0,2023-09-02,2942852,21.8k,"After months of conquering the seven seas in Neptune's Wave, you and your band of pirates end the voyage at Poseidon's Dock, ravenous for supplies. Let's see if those sea legs can walk on solid ground!"
frhd,956834,Super Mario Bros. 3,Stig,"[""Stig""]",73,4,0,2023-09-02,773263,11.4k,"Excited about the new Super Mario maker editor by Ness & Calculus, and having been sick these past two days I decided to give it a go! Enjoy!"
frhd,958489,Turtle Beach by FUTURE MTNS,archivist,"[""archivist""]",88,11,0,2023-09-18,230678,19.0k,Turtle Beach by FUTURE MTNS. track 819064 on CR. reupload for archival purposes. FRHD account: https://www.freeriderhd.com/u/futuremtns
frhd,958607,Overland Expedition,archivist,"[""archivist""]",65,7,0,2023-09-19,113051,9.9k,Overland Expedition by Phil38654. track 513958 on CR. reupload for archival purposes. FRHD account: https://www.freeriderhd.com/u/Phil38654
frhd,958751,Fox Revolution by - Firefox -,archivist,"[""archivist""]",31,2,0,2023-09-20,1195208,5.5k,Fox Revolution by - Firefox -. track 423055 on CR. reupload for archival purposes.
frhd,958904,Tools of Destruction,archivist,"[""archivist""]",18,1,0,2023-09-21,336926,5.0k,Tools of Destruction by Gräggen & Stig. track 291848 on CR. reupload for archival purposes. FRHD accounts: https://www.freeriderhd.com/u/Graggen & https://www.freeriderhd.com/u/Stig
frhd,958946,Wahoo,loge_0,"[""loge_0""]",145,12,0,2023-09-21,816717,17.6k,It seems like Mario (from smash hit game Mario Kart) has transformed into a bike. Help him overcome this and complete the stage.
frhd,959258,AMBITION,Volund,"[""Volund""]",214,8,0,2023-09-24,1215634,30.4k,my odyssey complete.
frhd,962115,RAY B S LIES,Zycerak,"[""Zycerak""]",74,2,0,2023-10-14,197295,6.5k,"THEY VE FOUND ME I HAVE TO GET AWAY TRUST NO ONE THEY THEM THEY SILENCED Fellow co-authors and collaborative artists: @THEend, @Coated_Badger, @Rayb25, @nitrogeneric, @captainjack_13 @logeton. Big thanks to these artists! And thank YOU, the player, for playing our track!"
frhd,963089,turkey stuffing with celery,goatosaur,"[""goatosaur""]",126,6,0,2023-10-22,3886368,22.1k,"This is in fact a track. RC11R2. thanks triip for that building, thanks dante for advice"
frhd,964010,Tilted Gallery - GBC4,Coated_Badger,"[""Coated_Badger""]",55,4,0,2023-10-29,119027,6.2k,Ghosting Battle Contest 4 // Round 6
frhd,964915,Adventure of Ralphmug: Baldger,Coated_Badger,"[""Coated_Badger""]",35,15,0,2023-11-04,822046,4.0k,Ghosting Battle Contest 4 Round 8.
frhd,965767,Bad Trip (NTBF),moinotchubb,"[""moinotchubb""]",119,5,0,2023-11-11,1770026,20.9k,"That is one cracked up bear, at least he took down the cartel // Big thank you to Eli, Loge_0 and Volund for tips. I didn't have enough time/patience to complete the finishing details, cheers!"
frhd,965994,nervedamage/collapse,MyrraWolf,"[""MyrraWolf""]",12,0,0,2023-11-13,210126,816,+ crushed under the pressure of a life i couldn't manage +
frhd,967246,10k sqm,loge_0,"[""loge_0""]",77,4,0,2023-11-22,55809,7.8k,"suprise collab with dzemas. check him out, hes got some potential. also fixed a cut because im an idiot"
frhd,967537,416,Chaos-Fallen,"[""Chaos-Fallen""]",51,5,0,2023-11-26,41360,6.1k,its a short life
frhd,967735,Super Mid Bros,dantexpress,"[""dantexpress""]",156,13,0,2023-11-27,2214361,20.7k,"My late entry for Ness and Volund's Super Mario Maker Contest. What I envisioned was too ambitious to be completed within the contest's timeframe, so I took a bit more time to give it my best shot possible. Let me know which world is your favourite!"
frhd,971044,Creep Street,loge_0,"[""loge_0""]",79,7,0,2023-12-29,1419119,8.8k,creep street doesn't celebrate christmas. (2023 winter contest entry)
frhd,971508,Story of the Artist,alexander,"[""alexander""]",160,9,0,2024-01-08,4035669,20.8k,Joy is around the corner
frhd,972345,Magnetic Flux,Ness,"[""Ness""]",42,10,0,2024-01-20,4719,4.6k,shoutout to nitrogeneric
frhd,973164,The Bark,Wellebelly,"[""Wellebelly""]",115,8,0,2024-01-31,1221693,16.7k,One of my biggest projects so far! Huge thanks to Eli and Maple for the constructive feedback. Overall this track too about 2 and a half weeks to make with more than 2 hrs a day. Hardest parts were coloring in the water and the trees. Thanks for your support everyone means a lot to me!
frhd,973308,deferred,rationalities,"[""rationalities""]",129,10,0,2024-02-01,3417651,16.6k,"a look inside of what crude trackmaking looks like. i like it better this way anyways. not everything needs to be ""complete"". that being said, i am glad i can say im done with this one. thanks figured, the end, zgolex. enjoy this awful ride and mediocre pen strokes. <3"
frhd,976001,Vita,Crypt,"[""Crypt""]",140,15,0,2024-03-08,7007951,12.9k,"Had this sitting on the sidelines for literally years. Never finished it, lost interest so long ago, but I figured it should at least be published. A couple parts of this track were drawn by BowlOfFire. This is truly my last one. Enjoy!"
frhd,976883,Bay of Biscay,nasrani,"[""nasrani""]",88,11,0,2024-03-20,690416,14.0k,"Perpetually rainy, prone to intense windstorms; some of the roughest seas can be found in the Bay of Biscay."
frhd,null,null,null,[null],0,0,0,2024-03-26,5425,0,
frhd,977520,Radius Index Polarised,loge_0,"[""loge_0""]",33,7,0,2024-03-29,41859,3.2k,"this was originally my section for the 2023 ghosting collab, but as its seemingly gone nowhere i thought id turn it into an actual track real quick. idk when my next track is coming out but it will be a banger trust me"
frhd,977830,Ramps + Portals NTBF,post2henry,"[""post2henry""]",172,7,0,2024-04-04,1994887,28.3k,"Never gonna finish this one. I think I made it way back when portals were new in the game, hence all the portals lmao. This will be my last track. Thank you to the FRHD community for making my childhood years so much more fun. It's truly hard to believe a decade has passed since then. Peace out :)"
frhd,978627,Serene,moonoomoo,"[""moonoomoo""]",61,5,0,2024-04-16,79001,6.1k,"i messed up the other upload, classic mnm. lol"
frhd,978702,The Estate,mR..A,"[""mR..A""]",81,2,0,2024-04-17,79265,8.4k,billy's crib
frhd,980872,Double Blacks,nasrani,"[""nasrani""]",126,3,0,2024-05-16,1376138,13.3k,send it
frhd,981532,Wind Whisper by C_Four and LDP,archivist,"[""archivist""]",33,2,0,2024-05-26,145118,4.0k,Wind Whisper by C_Four and LDPrider. track568132 on CR. reupload for archival purposes. FRHD account: https://www.freeriderhd.com/u/C_Four and https://www.freeriderhd.com/u/LDPrider
frhd,982421,Villa De hextare,Baltic,"[""Baltic""]",37,9,0,2024-06-11,278289,4.2k,moinotchubb was supposed to be detailed but he's busy and I don't have the time to wait so i finished by myself and got help from CK9C for track duplicating. Here it is enjoy!
frhd,983259,Weem's Dream,nasrani,"[""nasrani""]",80,2,0,2024-06-29,1313184,7.5k,For Weem's multibox contest
frhd,984733,SLD 3200 Subscriber Special,goofyinc,"[""goofyinc""]",104,4,0,2024-08-21,6563265,13.0k,"Welcome to SoliD Fest 2024. Get ready to ride freshly shaped dirt, get loose and show everyone your skills. Special thanks to everyone who subscribed over the past years, you guys are the best! Keep riding and shredding dirt jumps! #nodignoride (This track is not for beginners)."
frhd,985196,LIMBO,MuchoPanda,"[""MuchoPanda""]",65,6,0,2024-09-01,2138348,7.7k,"Treachery, tirades, trickery and tomfoolery. Navigate the catacombs of the once prosperous Castle Stoneheart, tarnished machinations await."
frhd,985262,killer teddies =O by vampyre,archivist,"[""archivist""]",22,3,0,2024-09-03,57043,2.2k,killer teddies =O by vampyre. track 444346 on CR. reupload for archival purposes.
frhd,985358,SKATEYARD GRAVEPARK ft. Ness,nasrani,"[""nasrani""]",75,3,0,2024-09-05,1892801,9.8k,it's the nuns you've gotta look out for made by Ness and nasrani
frhd,985999,Aruarian Sandlands,Maple,"[""Maple""]",179,4,0,2024-09-15,4816926,19.2k,"The wind blew and the sky filled with sand, they wanted to become the wind."
frhd,986524,DToF FaF C R by ToxicMahem,archivist,"[""archivist""]",12,0,0,2024-09-26,51073,1.0k,DToF FaF C R by ToxicMahem. track 748649 on CR. reupload for archival purposes.
frhd,986555,Deus Ex Machina,Drndemi,"[""Drndemi""]",187,5,0,2024-09-26,3651033,14.7k,"There is no longer any distinction between blood, fuel, skeleton and machine. Transhuman dystopia is now the only future, as human and machine all became one.  The point of singularity has been reached.  Only one individual can turn the tide and defeat the hegemony of the artificial mind."
frhd,987827,Anthill,nasrani,"[""nasrani""]",40,5,0,2024-10-16,156900,3.6k,Blob gang's entry to the dualathon contest
frhd,988437,Brownstones,nasrani,"[""nasrani""]",69,0,0,2024-10-26,931081,7.7k,more of a country mouse myself
frhd,988458,novacane,Nitrogeneric,"[""Nitrogeneric""]",46,1,0,2024-10-27,177356,4.1k,‎ ‎ ‎
frhd,990965,Surviving(Intro),deadrising2,"[""deadrising2""]",56,5,0,2024-11-30,2805629,5.0k,"SEW1 - I’m having the time of my life rotting in the sun, we’re inside the jaws of life. We all miss you."
frhd,991634,Eldritch Horror eats the World,That_one_creator,"[""That_one_creator""]",56,4,0,2024-12-11,149672,4.1k,A Eldritch horror awakens from the depths of infinity to consume the world... There is no escape from its infinite hunger.
frhd,991751,impact garden,Eryp,"[""Eryp""]",76,3,0,2024-12-12,1198172,6.1k,tilling of soil by means of catastrophic impact
frhd,991819,the dragon rests in agony,bladee,"[""bladee""]",79,4,0,2024-12-13,3792589,7.1k,"i adore you, the sound of your skin (@bladee/myrrawolf aug24-dec24)"
frhd,991848,The Abyss,deadrising2,"[""deadrising2""]",61,5,0,2024-12-14,1311794,5.3k,SEW3 - A civilian diving team has been instructed to find a lost submarine but with something in the water. Is it too late? *fixed version*
frhd,992631,53 azalea street,archivist,"[""archivist""]",18,0,0,2024-12-30,32048,1.2k,53 azalea street by vapaa. track 1337878 on CR. reupload for archival purposes.
frhd,992695,Robert Frost's Cabin,nasrani,"[""nasrani""]",66,2,0,2025-01-01,4410943,5.6k,Whose woods these are I think I know.    His house is in the village though;    He will not see me stopping here    To watch his woods fill up with snow.
frhd,993176,Spew,SilentFinger,"[""SilentFinger""]",72,3,0,2025-01-12,763382,8.2k,"they realized, but they did not care"
frhd,993336,FutureRootsLv1,archivist,"[""archivist""]",24,1,0,2025-01-15,215498,1.5k,FutureRootsLv1 by hawnks. track 191756 on CR. reupload for archival purposes.
frhd,993337,FutureRootsLv2,archivist,"[""archivist""]",28,1,0,2025-01-15,101235,1.6k,FutureRootsLv2 by hawnks. track 208849 on CR. reupload for archival purposes.
frhd,993830,нахуй вскроюсь,malishya,"[""malishya""]",207,10,0,2025-01-25,6100082,15.2k,guys guys guys listen.... ermm anyways play this at 60% zoom
frhd,993982,lugia,mtt2,"[""mtt2""]",75,2,0,2025-01-28,4451599,10.3k,1.28.2025
frhd,994129,provider,Nitrogeneric,"[""Nitrogeneric""]",64,6,0,2025-01-30,732660,16.8k,‎ ‎ ‎‎ ‎ ‎
frhd,994814,Sillyville,SilentFinger,"[""SilentFinger""]",63,6,0,2025-02-10,848605,14.0k,A jolly gathering. RC12R2
